series_label,metric_name,business_unit,show_name,channel_name,partner_name,review_attention,anomaly_count,anomaly_types,max_severity_score,2020-01,2020-02,2020-03,2020-04,2020-05,2020-06,2020-07,2020-08,2020-09,2020-10,2020-11,2020-12,2021-01,2021-02,2021-03,2021-04,2021-05,2021-06,2021-07,2021-08,2021-09,2021-10,2021-11,2021-12,2022-01,2022-02,2022-03,2022-04,2022-05,2022-06,2022-07,2022-08,2022-09,2022-10,2022-11,2022-12,2023-01,2023-02,2023-03,2023-04,2023-05,2023-06,2023-07,2023-08,2023-09,2023-10,2023-11,2023-12,2024-01,2024-02,2024-03,2024-04,2024-05,2024-06,2024-07,2024-08,2024-09,2024-10,2024-11,2024-12,2025-01,2025-02,2025-03,2025-08,2025-09,2025-10,2025-11,2025-12,2026-01,2026-02,2026-03
Cost article - IT ФОТ | bu=general,Cost article - IT ФОТ,general,,,,high,8,"drop_down:2, spike_up:3, zero_gap:3",89565.40,,,,,,,,,,,,,,17550.000000,13950.000000,2550.000000,16927.000000,9700.000000,,3100.000000,7750.000000,14300.000000,10000.000000,11350.000000,20900.000000,,30617.000000,4505.000000,6400.000000,4071.000000,3931.000000,2266.000000,2678.000000,13806.000000,17482.000000,3032.000000,23641.000000,2672.000000,1671.000000,13607.000000,,30233.000000,8351.000000,16258.000000,,,24343.000000,17147.000000,,,76893.000000,,35206.000000,,76664.000000,,66589.000000,,91758.000000,,212964.000000,54810.000000,96683.000000,0.000000,32731.000000,74090.000000,28967.000000,30666.000000,0.000000,0.000000,0.000000
Cost article - Расходники (офисные) | bu=b2c_moscow,Cost article - Расходники (офисные),b2c_moscow,,,,high,10,"drop_down:5, spike_up:5",1307315.32,8800.000000,88000.000000,35000.000000,2300.000000,350.000000,6839.000000,15829.000000,22019.000000,8062.000000,33729.000000,20000.000000,55361.000000,9478.000000,14217.000000,30579.000000,88068.000000,46117.000000,22501.000000,23592.000000,162818.000000,65827.000000,60680.000000,37248.000000,25616.000000,57490.000000,109471.000000,56762.000000,50005.000000,34743.000000,71353.000000,20771.000000,38648.000000,50059.000000,48849.000000,59536.000000,61141.000000,123812.000000,123714.000000,36988.000000,68719.000000,49386.000000,48759.000000,28241.000000,53776.000000,35983.000000,30922.000000,124677.000000,54309.000000,53712.000000,72553.000000,91743.000000,67326.000000,79228.000000,45053.000000,77422.000000,69392.000000,94200.000000,105732.000000,76097.000000,80102.000000,41443.000000,83948.000000,4396.000000,71052.000000,57899.000000,23271.000000,34860.000000,146359.000000,58600.000000,51323.000000,48312.000000
Cost article - Расходы на B2B (продакшн) | bu=b2b,Cost article - Расходы на B2B (продакшн),b2b,,,,high,3,"drop_down:2, spike_up:1",192194851.83,,,,,,,,,,,,,,,,,,,,,,,,,,,,,,,,,,,,,,,,,,,,,,,,,,,,,,,,,,,,,,,,198085.000000,685245.000000,986970.000000,1224477.000000,2897615.000000,1975271.000000,30500.000000,6985992.000000
Cost article - Ремонт и обслуживание | bu=b2c_moscow,Cost article - Ремонт и обслуживание,b2c_moscow,,,,high,6,"drop_down:5, zero_gap:1",384608.74,,,,,,,,,,,,,,,,,,,,,,,,,,,,,,,,,,,,,,,,61202.000000,70736.000000,72721.000000,64701.000000,49980.000000,5398.000000,26972.000000,21869.000000,19000.000000,56200.000000,41500.000000,20900.000000,29927.000000,12700.000000,28152.000000,27909.000000,35909.000000,32482.000000,48743.000000,5953.000000,53094.000000,58306.000000,146728.000000,75258.000000,0.000000,1812.000000,3338.000000,3401.000000,23471.000000,39220.000000,50760.000000,44530.000000
Cost article - Ремонт и обслуживание | bu=b2c_spb,Cost article - Ремонт и обслуживание,b2c_spb,,,,high,6,"drop_down:3, spike_up:1, zero_gap:2",5909035.74,,,,,,,,,,,,,,,,,,,,,,,,,,,,,,,,,,,,,,,,,,,,,,,,,,,,,35300.000000,32866.000000,46984.000000,78842.000000,37800.000000,15813.000000,82510.000000,59430.000000,50026.000000,43120.000000,7551.000000,312025.000000,15650.000000,12800.000000,0.000000,34456.000000,7156.000000,0.000000,57936.000000
Cost article - Ремонт/Стройка/Стройматериалы | bu=b2c_moscow,Cost article - Ремонт/Стройка/Стройматериалы,b2c_moscow,,,,high,4,zero_gap:4,1263066.00,,,,,,,,,,,,,,,,,,,,,,,,,,,,,,,,,,,,,,,,,,,,,,,,,,,,,,,,,,,,,,,,0.000000,0.000000,1193682.000000,1263066.000000,1270750.000000,1162286.000000,0.000000,0.000000
Cost article - Свет/Мебель/Предметы интерьера | bu=b2c_moscow,Cost article - Свет/Мебель/Предметы интерьера,b2c_moscow,,,,high,8,"drop_down:2, spike_up:2, zero_gap:4",41093103.69,,,,,,,,,,,,,,,,,,,,,,,,,,,,,,,,,,,,,,,,,,,,,,,,,,,,,,,,,,,,,,,,0.000000,0.000000,19357.000000,1176622.000000,901605.000000,118807.000000,0.000000,0.000000
Costs - Salary variable | bu=b2b,Costs - Salary variable,b2b,,,,high,15,"drop_down:6, spike_up:3, zero_gap:6",295701961.06,,,,,,,,,,,,,,,,,,,,,,,,,,,,,,,,,,,,,,,73100.000000,363920.000000,0.000000,17900.000000,10700.000000,15900.000000,201000.000000,463500.000000,270000.000000,398000.000000,,,140000.000000,30920.000000,270000.000000,,,,176649.000000,,855000.000000,4280000.000000,345000.000000,,728000.000000,0.000000,0.000000,0.000000,0.000000,2900937.000000,70000.000000,0.000000,7425.000000
Costs - Salary variable | bu=b2c_moscow,Costs - Salary variable,b2c_moscow,,,,high,7,"drop_down:4, spike_up:3",47884947.27,,,,18000.000000,,3900.000000,,,,,2000.000000,3800.000000,,7500.000000,,,,,3450.000000,9500.000000,,,12000.000000,,,,,,,6000.000000,15000.000000,,50000.000000,13610.000000,,,13450.000000,20721.000000,33099.000000,23000.000000,93000.000000,7000.000000,59200.000000,37650.000000,141200.000000,112600.000000,125748.000000,58200.000000,198593.000000,230329.000000,181802.000000,135489.000000,135195.000000,272513.000000,288324.000000,464810.000000,289598.000000,246697.000000,90892.000000,121101.000000,18987.105991,22009.547619,17898.459459,1748442.000000,2089202.000000,2469500.000000,2685000.000000,2560900.000000,3517719.000000,2873088.000000,2766346.000000
Dividends | bu=b2c_moscow,Dividends,b2c_moscow,,,,high,2,zero_gap:2,2100000.00,,,,,,,,,,,,,,,,,,,,,,,,,,,,,,,,,,,,,,,,,,,,,,,,,,,,,,,,,,,,,,,,0.000000,0.000000,0.000000,0.000000,0.000000,0.000000,2100000.000000,2100000.000000
Dividends | bu=general,Dividends,general,,,,high,4,"drop_down:1, zero_gap:3",3789843.75,,,,,,,,,,,,,,,,,,,,,,,,,,,,,,,,,,,,,,,,,,,,,,,,,,,,,,,,,,,,,,,,0.000000,1000000.000000,600000.000000,1575000.000000,2100000.000000,3000000.000000,0.000000,0.000000
EBIT | bu=b2b,EBIT,b2b,,,,high,7,"drop_down:1, sign_flip:3, spike_up:3",2436606999999999.50,,,,,,,,,,,,,,,,,,,,,,,,,,,,,,,,,,,,,,,,,,,,,,,,,,,,,,,,,,,,,,,,-225925.000000,124172.000000,766158.000000,1209895.000000,-425658.000000,17507.000000,-527620.000000,2010949.000000
EBIT | bu=franchise,EBIT,franchise,,,,high,6,"drop_down:3, spike_up:3",1872000.00,,,,,,,,,,,,,,,,,,,,,,,,,,,,,,,,,,,,,,,,,,,,,,,,,,,,,,,,,,,,,,,,156000.000000,3865.000000,172845.000000,12000.000000,16000.000000,37000.000000,2000.000000,2000.000000
EBITDA | bu=b2b,EBITDA,b2b,,,,high,7,"drop_down:1, sign_flip:3, spike_up:3",2436606999999999.50,,,,,,,,,,,,,,,,,,,,,,,,,,,,,,,,,,,,,,,,,,,,,,,,,,,,,,,,,,,,,,,,-225925.000000,124172.000000,766158.000000,1209895.000000,-425658.000000,17507.000000,-527620.000000,2010949.000000
EBITDA | bu=franchise,EBITDA,franchise,,,,high,6,"drop_down:3, spike_up:3",1872000.00,,,,,,,,,,,,,,,,,,,,,,,,,,,,,,,,,,,,,,,,,,,,,,,,,,,,,,,,,,,,,,,,156000.000000,3865.000000,172845.000000,12000.000000,16000.000000,37000.000000,2000.000000,2000.000000
EBT | bu=b2b,EBT,b2b,,,,high,7,"drop_down:1, sign_flip:3, spike_up:3",2436606999999999.50,,,,,,,,,,,,,,,,,,,,,,,,,,,,,,,,,,,,,,,,,,,,,,,,,,,,,,,,,,,,,,,,-225925.000000,124172.000000,766158.000000,1209895.000000,-425658.000000,17507.000000,-527620.000000,2010949.000000
EBT | bu=franchise,EBT,franchise,,,,high,6,"drop_down:3, spike_up:3",1872000.00,,,,,,,,,,,,,,,,,,,,,,,,,,,,,,,,,,,,,,,,,,,,,,,,,,,,,,,,,,,,,,,,156000.000000,3865.000000,172845.000000,12000.000000,16000.000000,37000.000000,2000.000000,2000.000000
Fixed costs | bu=general,Fixed costs,general,,,,high,4,"drop_down:2, zero_gap:2",16492849.62,152300.000000,238500.000000,215500.000000,209628.000000,203769.000000,255749.000000,217610.000000,225518.000000,175968.000000,261710.000000,254500.000000,288193.000000,240354.000000,327074.000000,374232.000000,375699.000000,349136.000000,332435.000000,308784.000000,466677.000000,399154.000000,383134.000000,356747.000000,439818.000000,396570.000000,448487.000000,443262.000000,393528.000000,377470.000000,438623.000000,356156.000000,382731.000000,393948.000000,582793.000000,476651.000000,529696.000000,664489.000000,578161.000000,563469.000000,636106.000000,626494.000000,624935.000000,528674.000000,654006.000000,557230.000000,591057.000000,758451.000000,784311.000000,805568.420000,798195.580000,871894.090000,717065.110000,868909.320000,800648.090000,931194.630000,1107518.070000,1030498.850000,1004414.190000,1187947.000000,1239763.000000,1323808.000000,1294226.000000,1511185.000000,42276.000000,380671.000000,418617.000000,369775.000000,320692.000000,45580.000000,0.000000,0.000000
Investment costs | bu=b2c_moscow,Investment costs,b2c_moscow,,,,high,26,"drop_down:10, spike_up:2, zero_gap:14",8391684.06,0.000000,0.000000,13000.000000,51416.000000,9000.000000,44700.000000,65230.000000,0.000000,1000.000000,0.000000,118985.000000,179100.000000,,250652.000000,60883.000000,0.000000,180400.000000,114332.000000,3450.000000,218634.000000,51770.000000,76820.000000,13200.000000,57386.000000,135858.000000,84374.000000,32000.000000,0.000000,116400.000000,102918.000000,132010.000000,103520.000000,74000.000000,136421.000000,92470.000000,0.000000,194292.000000,384084.000000,200944.000000,58254.000000,0.000000,0.000000,0.000000,199598.000000,261214.000000,266286.000000,256075.000000,416884.000000,337344.000000,422446.000000,181935.000000,78303.000000,98771.000000,222482.000000,672748.000000,789670.000000,731924.000000,551210.000000,342822.000000,74700.000000,75000.000000,84250.000000,25000.000000,0.000000,0.000000,1465932.000000,2741566.000000,2394147.000000,1281093.000000,0.000000,0.000000
Investment costs | bu=b2c_spb,Investment costs,b2c_spb,,,,high,7,"drop_down:3, spike_up:1, zero_gap:3",21536558.72,,,,,,,,,,,,,,,,,,,,,,,,,,,,,,,,,,,,,,,,,,,,,,,,,,,470582.000000,1385917.000000,2303910.000000,0.000000,83794.000000,76000.000000,0.000000,0.000000,0.000000,0.000000,0.000000,,,,,,,,,,
Marketing costs | bu=b2b,Marketing costs,b2b,,,,high,6,"drop_down:1, spike_up:1, zero_gap:4",705519.69,,,,,,,,,,,,,,,,,,,,,,,,,,,,,,,,,,,,,,,,,,,,,,,,,,,,,,,,,,,,,,,,0.000000,181260.000000,64100.000000,0.000000,10000.000000,0.000000,0.000000,32400.000000
Marketing costs | bu=b2c_moscow | channel=direct,Marketing costs,b2c_moscow,,direct,,high,8,"drop_down:1, spike_up:1, zero_gap:6",147532.00,45000.000000,55000.000000,55000.000000,0.000000,0.000000,,,,45031.000000,64762.000000,9807.000000,,,,19858.000000,23132.000000,0.000000,0.000000,0.000000,,0.000000,,,51096.000000,147532.000000,179370.000000,99317.000000,100697.000000,45287.000000,38713.000000,66901.000000,78430.000000,64046.000000,65447.000000,77499.000000,51197.000000,55511.000000,88826.000000,90632.000000,99401.000000,68205.000000,94412.000000,49148.000000,46994.000000,47239.000000,87568.000000,51959.000000,99720.000000,113276.000000,87622.000000,85408.000000,74117.000000,76530.000000,73737.000000,102172.000000,106805.000000,94380.000000,132362.000000,133423.000000,133525.000000,134991.000000,116513.000000,138832.000000,,,,,,,,
Marketing costs | bu=b2c_moscow | channel=other,Marketing costs,b2c_moscow,,other,,high,8,"drop_down:5, spike_up:3",966798.31,,,,,,,,,,,27000.000000,12500.000000,,50737.000000,17000.000000,,,91103.000000,34000.000000,7100.000000,22200.000000,16500.000000,2800.000000,3100.000000,54900.000000,,6750.000000,950.000000,1000.000000,5250.000000,9500.000000,11100.000000,500.000000,13500.000000,48300.000000,22400.000000,7750.000000,26780.000000,23598.000000,,61510.000000,,28500.000000,,4000.000000,,54800.000000,72000.000000,20000.000000,37000.000000,8000.000000,40000.000000,71150.000000,97000.000000,35800.000000,48500.000000,,46450.000000,67400.000000,74700.000000,110000.000000,80000.000000,40000.000000,,,,,,,,
Net profit | bu=b2b,Net profit,b2b,,,,high,23,"drop_down:4, sign_flip:6, spike_up:6, zero_gap:7",2204789999999999.75,,,,,,,,,,,,,,,,,,,,,,,,,,,,,,,,,,,,,,,80350.000000,-2736.750000,,,,34100.000000,193100.000000,202050.000000,211000.000000,172400.000000,0.000000,0.000000,96000.000000,10000.000000,230552.000000,0.000000,0.000000,0.000000,229253.650000,0.000000,833865.000000,4036500.000000,378350.000000,0.000000,1597229.668000,-265897.000000,-5920.000000,766158.000000,1209895.000000,-425658.000000,-144611.000000,-538003.000000,1779132.000000
Net profit | bu=b2c_moscow,Net profit,b2c_moscow,,,,high,7,"drop_down:4, spike_up:3",34645886.97,,,,,,,,,,,,,,,,,,,,,,,,,,180000.000000,360000.000000,270000.000000,,330000.000000,198500.000000,240000.000000,430000.000000,314893.000000,251685.000000,770000.000000,736744.000000,594688.000000,1020644.000000,704321.000000,379852.000000,591126.000000,909327.000000,853310.000000,832025.000000,826369.000000,1053144.000000,989872.000000,1714683.000000,1605998.000000,1080944.000000,787123.000000,508161.000000,1214399.000000,616092.000000,673896.000000,413332.000000,1179394.000000,1104012.000000,1175106.000000,110760.000000,64695.000000,62197.000000,3285678.000000,3306582.000000,1823645.000000,1276820.000000,570654.000000,1537137.000000,2017595.000000,1656427.000000
Net profit | bu=b2c_spb,Net profit,b2c_spb,,,,high,2,"drop_down:1, sign_flip:1",684015999999999.88,,,,,,,,,,,,,,,,,,,,,,,,,,,,,,,,,,,,,,,,,,,,,,,,,,,,,-320883.000000,410317.000000,352219.000000,363133.000000,131245.000000,194417.000000,390366.000000,330824.000000,521562.000000,489697.000000,545751.000000,794509.000000,1050470.000000,1853019.000000,1371390.000000,1398921.000000,1053838.000000,1263308.000000,194799.000000
Net profit | bu=franchise,Net profit,franchise,,,,high,14,"drop_down:5, spike_up:5, zero_gap:4",19037619047.62,,,,,,,,,,,,,,,,,,,,,,,,,,,,,,,,,,,,,,250000.000000,0.000000,0.000000,,,,,,10000000.000000,,,,,,,,3150.000000,,,896.000000,7350.000000,12150.180000,115707.800000,0.000000,0.000000,7000.000000,156000.000000,3865.000000,172845.000000,12000.000000,16000.000000,37000.000000,2000.000000,2000.000000
Net profit | bu=general,Net profit,general,,,,high,20,"drop_down:3, sign_flip:11, spike_up:6",6882428983949999.00,1205000.000000,878100.000000,378700.000000,-196872.000000,-171142.000000,-231665.000000,177839.000000,95625.000000,236041.000000,561592.000000,115186.000000,364155.000000,254232.000000,99282.000000,562015.000000,86259.000000,52983.000000,19208.000000,20587.000000,276325.000000,168995.000000,378766.000000,184365.000000,794256.000000,176624.000000,834871.000000,545022.000000,324039.000000,226040.000000,359049.000000,349905.000000,413647.000000,491811.000000,236399.000000,706652.000000,869207.000000,1642102.073700,844688.226200,1081934.143000,643548.029900,1337052.031100,539701.024800,899326.084200,891410.110700,1192397.323400,1025214.215200,1215293.213400,1155702.209500,1699683.137200,1605998.128500,686362.110500,-588793.934500,-1628512.911900,1590269.182000,844212.124400,916942.131100,729687.109900,1401654.131400,2320827.350500,6858410.038900,,,,-777725.000000,-1014268.000000,-1155559.000000,-1045878.000000,-917882.000000,-86904.000000,0.000000,0.000000
Operating profit | bu=b2b,Operating profit,b2b,,,,high,7,"drop_down:1, sign_flip:3, spike_up:3",2489797999999999.50,,,,,,,,,,,,,,,,,,,,,,,,,,,,,,,,,,,,,,,,,,,,,,,,,,,,,,,,,,,,,,,,-225925.000000,124172.000000,721959.000000,1209895.000000,-478849.000000,17507.000000,-527620.000000,2010949.000000
Operating profit | bu=franchise,Operating profit,franchise,,,,high,6,"drop_down:3, spike_up:3",1872000.00,,,,,,,,,,,,,,,,,,,,,,,,,,,,,,,,,,,,,,,,,,,,,,,,,,,,,,,,,,,,,,,,156000.000000,3865.000000,172845.000000,12000.000000,16000.000000,37000.000000,2000.000000,2000.000000
Other expenses | bu=b2b,Other expenses,b2b,,,,high,7,"drop_down:1, spike_up:4, zero_gap:2",9750726.26,,,,,,,,,,,,,,,,,,,,,,,,,,,,,,,,,,,,,,,,495075.000000,,,,,58500.000000,122000.000000,,,,,89500.000000,,48000.000000,,,,,,413000.000000,980000.000000,63000.000000,,1328000.000000,0.000000,0.000000,0.000000,0.000000,0.000000,0.000000,0.000000,0.000000
Other expenses | bu=b2c_moscow,Other expenses,b2c_moscow,,,,high,16,"drop_down:8, spike_up:6, zero_gap:2",1997447.60,,,,,,,,,,,,,,,,,,,,,,,,,24601.000000,,7539.000000,32736.000000,23915.000000,2117.000000,9700.000000,41150.000000,79256.000000,1500.000000,19832.000000,158628.000000,23181.000000,4800.000000,31523.000000,13955.000000,3070.000000,8000.000000,60.000000,37283.270000,1322.700000,39711.000000,21950.000000,28996.000000,24900.000000,39110.000000,52461.000000,26000.000000,50990.000000,42000.000000,47800.000000,88137.000000,14200.000000,28458.000000,49567.000000,114487.000000,6820.000000,40227.000000,188586.000000,0.000000,0.000000,0.000000,0.000000,0.000000,0.000000,0.000000,0.000000
Relocation costs | bu=b2c_moscow,Relocation costs,b2c_moscow,,,,high,4,zero_gap:4,2394147.00,,,,,,,,,,,,,,,,,,,,,,,,,,,,,,,,,,,,,,,,,,,,,,,,,,,,,,,,,,,,,,,,0.000000,0.000000,1465932.000000,2741566.000000,2394147.000000,1281093.000000,0.000000,0.000000
Retained earnings | bu=b2b,Retained earnings,b2b,,,,high,3,spike_up:3,2317134999999999.50,,,,,,,,,,,,,,,,,,,,,,,,,,,,,,,,,,,,,,,,,,,,,,,,,,,,,,,,,,,,,,,,-265897.000000,-5920.000000,766158.000000,1209895.000000,-2425658.000000,-144611.000000,-538003.000000,1779132.000000
Retained earnings | bu=b2c_moscow,Retained earnings,b2c_moscow,,,,high,2,sign_flip:2,1014226999999999.88,,,,,,,,,,,,,,,,,,,,,,,,,,,,,,,,,,,,,,,,,,,,,,,,,,,,,,,,,,,,,,,,3285678.000000,3306582.000000,1823645.000000,1276820.000000,570654.000000,1537137.000000,-82405.000000,-443573.000000
Retained earnings | bu=b2c_spb,Retained earnings,b2c_spb,,,,high,2,"drop_down:1, sign_flip:1",1759038999999999.75,,,,,,,,,,,,,,,,,,,,,,,,,,,,,,,,,,,,,,,,,,,,,,,,,,,,,,,,,,,,,,,,794509.000000,1050470.000000,1853019.000000,1371390.000000,1398921.000000,1053838.000000,363308.000000,-705201.000000
Retained earnings | bu=franchise,Retained earnings,franchise,,,,high,6,"drop_down:3, spike_up:3",1872000.00,,,,,,,,,,,,,,,,,,,,,,,,,,,,,,,,,,,,,,,,,,,,,,,,,,,,,,,,,,,,,,,,156000.000000,3865.000000,172845.000000,12000.000000,16000.000000,37000.000000,2000.000000,2000.000000
Returns amount | bu=b2c_moscow,Returns amount,b2c_moscow,,,,high,9,"drop_down:5, spike_up:3, zero_gap:1",2176544.55,,,,,,,,,,,,,,,,,,,,,,,,,,,30000.000000,,,14500.000000,28121.000000,,8100.000000,11120.000000,12392.000000,11455.000000,14825.000000,19540.000000,7000.000000,6600.000000,6600.000000,,15100.000000,3805.000000,21250.000000,50000.000000,20250.000000,67700.000000,3375.000000,17725.000000,213446.000000,10471.000000,20400.000000,60320.000000,52100.000000,59115.000000,42789.000000,83300.000000,76780.000000,117215.000000,62750.000000,39800.000000,58120.000000,9000.000000,13500.000000,0.000000,19000.000000,71200.000000,9000.000000,29600.000000,25900.000000
Revenue | bu=b2b,Revenue,b2b,,,,high,7,"drop_down:2, spike_up:2, zero_gap:3",8660812.00,,,,,,,,,,412500.000000,62985.000000,,,,,,,135000.000000,,186100.000000,32887.000000,71000.000000,90900.000000,642163.000000,0.000000,157200.000000,122100.000000,20720.000000,12751.000000,51000.000000,33968.000000,25476.000000,98237.000000,,154850.000000,125800.000000,,,,,,,,,,,,,,,,,,,,,,,,,,,,0.000000,2536250.000000,3908464.000000,5494944.000000,11826680.000000,5059574.000000,0.000000,19015336.000000
Revenue | bu=b2c_moscow,Revenue,b2c_moscow,,,,high,2,"drop_down:1, spike_up:1",1172591397.05,1878300.000000,1612100.000000,1018700.000000,271730.000000,296105.000000,200096.000000,484692.000000,529859.000000,714880.000000,829258.000000,653482.000000,924687.000000,,,,,,,,,,,,,,,,,,,,,,,,,,,,,,,,,,32950.000000,,,,,,,,,,,,,,,,,,12193118.000000,11540022.000000,13737514.000000,15026594.000000,14112290.000000,14067346.000000,12234822.000000,12462134.000000
Revenue | bu=b2c_moscow | show=Certificate,Revenue,b2c_moscow,Certificate,,,high,4,spike_up:4,3306455.75,,,,,,,492069.000000,119594.000000,193272.000000,137190.000000,130627.000000,777331.000000,263104.000000,619666.000000,1086739.000000,280554.000000,222014.400000,173760.000000,161408.000000,344832.000000,251600.000000,322512.000000,298004.800000,1179785.600000,556288.000000,,,,,,,,,,,,,,,,,,,,,,,,,,,,,,,,,,,,332409.750000,264594.000000,,,,,,,,,
Revenue | bu=franchise,Revenue,franchise,,,,high,5,"drop_down:1, spike_up:4",3691986.49,,,,,,,,,,,,,,,,,,,,,,50000.000000,,30000.000000,,180000.000000,,,,,,,,100000.000000,,,,,,,,,,,162272.000000,,,,,,,,,,,,45000.000000,105000.000000,200000.000000,75000.000000,,,100000.000000,543000.000000,36000.000000,561000.000000,36000.000000,48000.000000,159000.000000,30000.000000,66000.000000
Services and setup costs | bu=b2c_moscow,Services and setup costs,b2c_moscow,,,,high,6,"drop_down:2, spike_up:4",4573784.16,5000.000000,5000.000000,5000.000000,25078.000000,20169.000000,9410.000000,8281.000000,8999.000000,4406.000000,9481.000000,10000.000000,3332.000000,2376.000000,8130.000000,5919.000000,13023.000000,9715.000000,4629.000000,6629.000000,13859.000000,2459.000000,5259.000000,2600.000000,6350.000000,6630.000000,7500.000000,7910.000000,8878.000000,11224.000000,8883.000000,7354.000000,9817.000000,10520.000000,9791.000000,8081.000000,6781.000000,22330.000000,12321.000000,8822.000000,20722.000000,11170.000000,37820.000000,4752.000000,7411.000000,10301.000000,16521.000000,9711.000000,35541.000000,35862.000000,17526.000000,32422.000000,31500.000000,57007.000000,39247.000000,48420.000000,68500.000000,289324.000000,118180.000000,37672.000000,46240.000000,33557.000000,42136.000000,42650.000000,3000.000000,150.000000,9200.000000,10400.000000,125879.000000,31363.000000,67271.000000,110019.000000
Show production costs | bu=b2b,Show production costs,b2b,,,,high,2,"drop_down:1, spike_up:1",14332580.65,,,,,,,,,,,,,,,,,,,,,,,,,,,,,,,,,,,,,,,,146119.000000,,,,,,373800.000000,170000.000000,155000.000000,,,,,85000.000000,,,,,,173600.000000,1570000.000000,15000.000000,,520000.000000,,,,,,,,
Team expenses | bu=b2c_moscow,Team expenses,b2c_moscow,,,,high,6,"drop_down:2, spike_up:4",862464.56,,,,,9000.000000,1800.000000,,,1000.000000,,,,,,,,78800.000000,,,,10000.000000,,,,,9000.000000,,,,,,,,,,,,,,6036.000000,21775.000000,3360.000000,230.000000,5000.000000,5000.000000,1950.000000,6565.000000,134047.000000,41000.000000,43593.000000,29498.000000,10000.000000,10000.000000,15000.000000,15000.000000,20000.000000,15000.000000,15000.000000,15554.000000,26000.000000,26245.000000,5000.000000,141000.000000,,,,,,,,
Variable costs | bu=b2b,Variable costs,b2b,,,,high,4,"drop_down:2, spike_up:2",531659360.97,,,,,,,,,,,,,,,,,,,,,,,,,,,,,,,,,,,,,,,,,,,,,,,,,,,,,,,,,,,,,,,,198085.000000,879636.000000,1102464.000000,1224477.000000,5987098.000000,2097182.000000,30500.000000,7025817.000000
Variable costs | bu=general,Variable costs,general,,,,high,5,"drop_down:1, spike_up:2, zero_gap:2",30958195.84,361000.000000,318000.000000,228000.000000,115100.000000,123400.000000,68100.000000,128500.000000,143600.000000,170100.000000,200500.000000,155000.000000,194650.000000,290880.000000,356233.000000,539279.000000,365198.000000,386655.000000,295162.000000,280648.000000,499309.000000,483441.000000,557936.000000,480149.000000,709977.000000,775757.000000,783540.000000,668615.000000,675261.000000,655739.000000,648135.000000,688530.000000,684042.000000,806162.000000,659371.000000,786676.000000,1027549.000000,980093.000000,907743.000000,1233764.000000,1986354.000000,897684.000000,841675.000000,947034.000000,959556.000000,1413985.000000,2434574.000000,2016266.000000,2272047.000000,1842347.000000,1833403.000000,2137705.000000,1350015.000000,1846396.000000,1593081.000000,1922212.000000,2227946.000000,2030131.000000,1847507.000000,3704237.000000,9782984.000000,2668151.000000,1763784.000000,4746465.000000,287491.000000,99163.000000,191150.000000,134080.000000,65976.000000,68849.000000,0.000000,0.000000
Business travel costs | bu=b2c_spb,Business travel costs,b2c_spb,,,,medium,5,"drop_down:1, spike_up:2, zero_gap:2",273961.25,,,,,,,,,,,,,,,,,,,,,,,,,,,,,,,,,,,,,,,,,,,,,,,,,,,,,,4200.000000,4780.000000,5200.000000,3480.000000,3210.000000,5140.000000,6528.000000,3619.000000,3110.000000,33349.000000,0.000000,19445.000000,3030.000000,0.000000,0.000000,0.000000,0.000000,0.000000
Cost article - Другое | bu=b2b,Cost article - Другое,b2b,,,,medium,4,zero_gap:4,43455.50,,,,,,,,,,,,,,,,,,,,,,,,,,,,,,,,,,,,,,,,,,,,,,,,,,,,,,,,,,,,,,,,0.000000,13131.000000,0.000000,0.000000,35000.000000,51911.000000,0.000000,0.000000
Cost article - Другое | bu=b2c_spb,Cost article - Другое,b2c_spb,,,,medium,4,"drop_down:2, spike_up:2",319595.04,,,,,,,,,,,,,,,,,,,,,,,,,,,,,,,,,,,,,,,,,,,,,,,,,,,,,,,,,,,,,,,,3717.000000,16916.000000,74065.000000,36375.000000,24000.000000,25987.000000,6600.000000,95532.000000
Cost article - Другое | bu=franchise,Cost article - Другое,franchise,,,,medium,4,zero_gap:4,18000.00,,,,,,,,,,,,,,,,,,,,,,,,,,,,,,,,,,,,,,,,,,,,,,,,,,,,,,,,,,,,,,,,12000.000000,0.000000,0.000000,0.000000,0.000000,16000.000000,0.000000,20000.000000
Cost article - Другое | bu=general,Cost article - Другое,general,,,,medium,5,"drop_down:1, spike_up:1, zero_gap:3",547500.00,,,,,,,,,,,,,,,,,,,,,,,,,,,,,,,,,,,,,,,,,,,,,,,,,,,,,,,,,,,,,,,,0.000000,0.000000,400.000000,10000.000000,15000.000000,51349.000000,0.000000,0.000000
Cost article - Корпоративы фикс | bu=b2b,Cost article - Корпоративы фикс,b2b,,,,medium,3,"drop_down:1, zero_gap:2",845675.30,,,,,,,,,,,,,,,,,,,,,,,,,,,,,,,,,,,,,,,,,,,,,,,,,,,,,,,,,,,,,,,,0.000000,0.000000,76000.000000,294350.000000,270000.000000,340000.000000,390000.000000,290000.000000
Cost article - Налог на прибыль (доходы) | bu=b2b,Cost article - Налог на прибыль (доходы),b2b,,,,medium,4,"drop_down:1, zero_gap:3",3539525.26,,,,,,,,,,,,,,,,,,,,,,,,,,,,,,,,,,,,,,,,,,,,,,,,,,,,,,,,,,,,,,,,39972.000000,130092.000000,0.000000,0.000000,0.000000,162117.000000,10383.000000,231817.000000
Cost article - Отсмотр видео | bu=general,Cost article - Отсмотр видео,general,,,,medium,4,zero_gap:4,15400.00,,,,,,,,,,,,,,,,,,,,,,,,,,,,,,,,,,,,,,,,,,,,,,,,,,,,,,,,,,,,,,,,0.000000,0.000000,0.000000,23000.000000,7800.000000,0.000000,0.000000,0.000000
Cost article - Разные налоги и взносы | bu=b2b,Cost article - Разные налоги и взносы,b2b,,,,medium,3,zero_gap:3,89970.00,,,,,,,,,,,,,,,,,,,,,,,,,,,,,,,,,,,,,,,,,,,,,,,,,,,,,,,,,,,,,,,,0.000000,0.000000,51394.000000,0.000000,128546.000000,0.000000,0.000000,0.000000
Cost article - Разные налоги и взносы | bu=b2c_moscow,Cost article - Разные налоги и взносы,b2c_moscow,,,,medium,4,"spike_up:1, zero_gap:3",2433182.01,,,,,,,,,,77592.000000,45927.000000,72971.000000,56430.000000,77609.000000,109993.000000,62982.000000,62827.000000,50802.000000,44063.000000,90782.000000,74224.000000,93343.000000,76177.000000,141981.000000,109446.000000,149505.000000,123814.000000,102810.000000,96835.000000,103456.000000,105434.000000,107946.000000,118529.000000,105370.000000,144416.000000,174531.000000,207005.000000,158926.000000,204936.000000,212770.000000,198513.000000,141076.000000,168031.000000,164132.000000,205729.000000,273204.000000,271045.000000,311686.000000,305136.000000,304261.000000,296957.000000,209230.000000,253466.000000,250260.000000,270057.000000,291074.000000,273604.000000,292505.000000,449379.000000,1093755.000000,385874.000000,267443.000000,501683.000000,0.000000,0.000000,0.000000,12960.000000,0.000000,0.000000,2790.000000,3900.000000
Cost article - Разные налоги и взносы | bu=b2c_spb,Cost article - Разные налоги и взносы,b2c_spb,,,,medium,3,"drop_down:1, zero_gap:2",759493.64,,,,,,,,,,,,,,,,,,,,,,,,,,,,,,,,,,,,,,,,,,,,,,,,,,,,,12864.000000,79768.000000,105485.000000,135413.000000,97328.000000,101597.000000,127858.000000,112593.000000,153008.740200,135018.283800,181525.019100,0.000000,0.000000,0.000000,0.000000,0.000000,0.000000,1170.000000,0.000000
Cost article - Реквизит/костюмы | bu=b2c_moscow,Cost article - Реквизит/костюмы,b2c_moscow,,,,medium,5,drop_down:5,238737.11,,,,,,,,,,,,,,,,,,,,,,,,,,,,,,,,,14911.000000,10660.000000,20820.000000,4220.000000,40046.000000,40941.000000,31076.000000,34360.000000,11274.000000,12723.000000,4133.000000,29081.000000,48848.000000,32992.000000,60886.000000,17867.000000,85151.000000,55745.000000,49674.000000,8252.000000,18488.000000,18807.000000,28387.000000,45267.000000,67000.000000,39267.000000,96492.000000,117243.000000,44454.000000,26122.000000,11803.000000,50651.000000,11867.000000,5891.000000,49424.000000,57762.000000,31702.000000,24323.000000,38086.000000
Cost article - Реквизит/костюмы | bu=b2c_spb,Cost article - Реквизит/костюмы,b2c_spb,,,,medium,3,"drop_down:2, spike_up:1",319683.58,,,,,,,,,,,,,,,,,,,,,,,,,,,,,,,,,,,,,,,,,,,,,,,,,,,,,,,5495.000000,94100.000000,44750.000000,26777.000000,59363.000000,53170.000000,28266.000000,17702.000000,78311.000000,20827.000000,12870.000000,54668.000000,33826.000000,42913.000000,66448.000000,10394.000000,22245.000000
Cost article - Техника | bu=b2c_moscow,Cost article - Техника,b2c_moscow,,,,medium,4,zero_gap:4,277385.50,,,,,,,,,,,,,,,,,,,,,,,,,,,,,,,,,,,,,,,,,,,,,,,,,,,,,,,,,,,,,,,,0.000000,0.000000,252893.000000,301878.000000,221792.000000,0.000000,0.000000,0.000000
Cost article - Управленческий персонал ФОТ | bu=b2b,Cost article - Управленческий персонал ФОТ,b2b,,,,medium,4,"drop_down:1, zero_gap:3",1974599.42,,,,,,,,,,,,,,,,,,,,,,,,,,,,,,,,,,,,,,,,,,,,,,,,,,,,,,,,,,,,,,,,0.000000,181276.000000,6000.000000,0.000000,0.000000,42500.000000,85000.000000,136843.000000
Cost article - Управленческий персонал ФОТ | bu=general,Cost article - Управленческий персонал ФОТ,general,,,,medium,3,zero_gap:3,285000.00,,,,,,,,,,,,,,,,,,,,,,,,,,,,,,,,,,,,,,,,,,,,,,,,,,,,,,,,,,,,,,,,0.000000,285000.000000,271950.000000,285000.000000,285000.000000,0.000000,0.000000,0.000000
Costs - Salary fixed | bu=b2c_moscow,Costs - Salary fixed,b2c_moscow,,,,medium,1,zero_gap:1,1051382.50,376000.000000,333000.000000,273000.000000,242100.000000,250400.000000,195100.000000,205500.000000,220600.000000,217100.000000,292500.000000,255000.000000,299650.000000,315200.000000,399877.000000,546884.000000,393558.000000,423727.000000,370840.000000,357513.000000,509550.000000,536550.000000,572195.000000,510149.000000,684451.000000,732350.000000,703016.000000,616900.000000,649440.000000,643753.000000,649330.000000,650650.000000,624040.000000,684650.000000,641150.000000,670632.000000,773372.000000,859600.000000,763563.000000,904820.000000,774377.000000,695600.000000,736238.000000,771400.000000,840650.000000,944000.000000,1104225.000000,1153397.000000,1215079.000000,1378850.000000,1362138.000000,1251650.000000,1071400.000000,1256883.000000,1261570.000000,1457350.000000,1845008.000000,1485715.000000,1538163.000000,2001612.000000,1655208.000000,2140249.000000,1808162.000000,2041870.000000,0.000000,294603.000000,260650.000000,262640.000000,253450.000000,540600.000000,602709.000000,617266.000000
Costs - Salary fixed | bu=b2c_spb,Costs - Salary fixed,b2c_spb,,,,medium,2,"drop_down:1, zero_gap:1",1546959.52,,,,,,,,,,,,,,,,,,,,,,,,,,,,,,,,,,,,,,,,,,,,,,,,,,,,,206500.000000,512600.000000,677800.000000,879000.000000,770300.000000,770700.000000,831200.000000,762100.000000,1082200.000000,932100.000000,1085664.000000,0.000000,203500.000000,90750.000000,150692.000000,151540.000000,305992.000000,320028.000000,383807.000000
Costs - Salary fixed | bu=general,Costs - Salary fixed,general,,,,medium,3,zero_gap:3,285000.00,,,,,,,,,,,,,,,,,,,,,,,,,,,,,,,,,,,,,,,,,,,,,,,,,,,,,,,,,,,,,,,,0.000000,285000.000000,271950.000000,285000.000000,285000.000000,0.000000,0.000000,0.000000
Costs - Salary variable | bu=b2c_spb,Costs - Salary variable,b2c_spb,,,,medium,1,drop_down:1,17943008.49,,,,,,,,,,,,,,,,,,,,,,,,,,,,,,,,,,,,,,,,,,,,,,,,,,,,,4096.000000,3228.000000,4125.000000,4392.000000,4249.000000,4251.000000,4164.000000,4176.000000,4983.815029,4768.874172,15971.091677,1081750.000000,1553600.000000,1450600.000000,2198700.000000,2014864.000000,2453237.000000,1887764.000000,1925210.000000
Costs - Salary variable | bu=general,Costs - Salary variable,general,,,,medium,3,"spike_up:1, zero_gap:2",780470.30,,,,,,,,,,,,,,,,,,,,,,,,,,,,,,,,,,,,,,,,,,,,,,,,,,,,,,,,,,,,,,,,177031.000000,32731.000000,74090.000000,29180.000000,30666.000000,17500.000000,0.000000,0.000000
EBIT | bu=b2c_moscow,EBIT,b2c_moscow,,,,medium,1,drop_down:1,5964659.20,,,,,,,,,,,,,,,,,,,,,,,,,,,,,,,,,,,,,,,,,,,,,,,,,,,,,,,,,,,,,,,,3285678.000000,3306582.000000,1823645.000000,1276820.000000,570654.000000,2144687.000000,2644305.000000,2159688.000000
EBIT | bu=b2c_spb,EBIT,b2c_spb,,,,medium,1,drop_down:1,3368584.51,,,,,,,,,,,,,,,,,,,,,,,,,,,,,,,,,,,,,,,,,,,,,,,,,,,,,,,,,,,,,,,,794509.000000,1050470.000000,1853019.000000,1371390.000000,1398921.000000,1314217.000000,1531898.000000,410483.000000
EBITDA | bu=b2c_moscow,EBITDA,b2c_moscow,,,,medium,1,drop_down:1,5964659.20,,,,,,,,,,,,,,,,,,,,,,,,,,,,,,,,,,,,,,,,,,,,,,,,,,,,,,,,,,,,,,,,3285678.000000,3306582.000000,1823645.000000,1276820.000000,570654.000000,2144687.000000,2644305.000000,2159688.000000
EBITDA | bu=b2c_spb,EBITDA,b2c_spb,,,,medium,1,drop_down:1,3368584.51,,,,,,,,,,,,,,,,,,,,,,,,,,,,,,,,,,,,,,,,,,,,,,,,,,,,,,,,,,,,,,,,794509.000000,1050470.000000,1853019.000000,1371390.000000,1398921.000000,1314217.000000,1531898.000000,410483.000000
EBT | bu=b2c_moscow,EBT,b2c_moscow,,,,medium,1,drop_down:1,5964659.20,,,,,,,,,,,,,,,,,,,,,,,,,,,,,,,,,,,,,,,,,,,,,,,,,,,,,,,,,,,,,,,,3285678.000000,3306582.000000,1823645.000000,1276820.000000,570654.000000,2144687.000000,2644305.000000,2159688.000000
EBT | bu=b2c_spb,EBT,b2c_spb,,,,medium,1,drop_down:1,3368584.51,,,,,,,,,,,,,,,,,,,,,,,,,,,,,,,,,,,,,,,,,,,,,,,,,,,,,,,,,,,,,,,,794509.000000,1050470.000000,1853019.000000,1371390.000000,1398921.000000,1314217.000000,1531898.000000,410483.000000
Fixed costs | bu=b2b,Fixed costs,b2b,,,,medium,1,drop_down:1,2245146.95,,,,,,,,,,,,,,,,,,,,,,,,,,,,,,,,,,,,,,,,,,,,,,,,,,,,,,,,,,,,,,,,27840.000000,264317.000000,129809.000000,313099.000000,405092.000000,415098.000000,497120.000000,470902.000000
Marketing costs | bu=b2c_moscow | channel=pr,Marketing costs,b2c_moscow,,pr,,medium,5,"drop_down:2, spike_up:3",640639.60,,,,,15000.000000,6000.000000,,600.000000,4500.000000,,13000.000000,18640.000000,,41000.000000,26624.000000,58555.000000,25064.000000,20000.000000,,,,,,,185400.000000,,17900.000000,58160.000000,98800.000000,6500.000000,34000.000000,,30000.000000,,28000.000000,9900.000000,15000.000000,28500.000000,70000.000000,70000.000000,70000.000000,40000.000000,122390.000000,57500.000000,39500.000000,,55500.000000,120000.000000,183000.000000,164950.000000,246000.000000,254400.000000,239900.000000,223400.000000,580625.000000,335000.000000,234900.000000,264400.000000,184400.000000,154400.000000,171470.000000,171470.000000,195765.000000,,,,,,,,
Marketing costs | bu=general,Marketing costs,general,,,,medium,3,"drop_down:1, zero_gap:2",832829.93,,,,,,,,,,,,,,,,,,,,,,,,,,,,,,,,,,,,,,,,,,,,,,,,,,,,,,,,,,,,,,,,97500.000000,38500.000000,103100.000000,82000.000000,7350.000000,0.000000,0.000000,0.000000
Operating profit | bu=b2c_moscow,Operating profit,b2c_moscow,,,,medium,1,drop_down:1,6869869.73,,,,,,,,,,,,,,,,,,,,,,,,,,,,,,,,,,,,,,,,,,,,,,,,,,,,,,,,,,,,,,,,3285678.000000,3306582.000000,1823645.000000,1273963.000000,505931.000000,2144687.000000,2598957.000000,2124047.000000
Operating profit | bu=b2c_spb,Operating profit,b2c_spb,,,,medium,1,drop_down:1,3593380.54,,,,,,,,,,,,,,,,,,,,,,,,,,,,,,,,,,,,,,,,,,,,,,,,,,,,,,,,,,,,,,,,793368.000000,1050470.000000,1853019.000000,1371190.000000,1396686.000000,1293290.000000,1513075.000000,390923.000000
Other expenses | bu=b2c_spb,Other expenses,b2c_spb,,,,medium,3,"drop_down:1, zero_gap:2",197414.41,,,,,,,,,,,,,,,,,,,,,,,,,,,,,,,,,,,,,,,,,,,,,,,,,,,,,,,,74773.000000,109741.000000,20541.000000,46901.000000,76100.000000,,40360.000000,67522.000000,0.000000,0.000000,0.000000,0.000000,0.000000,0.000000,0.000000,0.000000
Other income | bu=b2b,Other income,b2b,,,,medium,3,zero_gap:3,48695.00,,,,,,,,,,,,,,,,,,,,,,,,,,,,,,,,,,,,,,,,,,,,,,,,,,,,,,,,,,,,,,,,0.000000,0.000000,44199.000000,0.000000,53191.000000,0.000000,0.000000,0.000000
Other income | bu=b2c_moscow,Other income,b2c_moscow,,,,medium,4,"drop_down:1, zero_gap:3",1005153.46,,,,,,,,,,,,,,,,,,,,,,,,,,,,,,,,,,,,,,,,,,,,,,,,,,,,,,,,,,,,,,,,0.000000,0.000000,0.000000,2857.000000,64723.000000,0.000000,45349.000000,35641.000000
Other income | bu=general,Other income,general,,,,medium,3,"drop_down:1, zero_gap:2",44594.98,,,,,,,,,,,,,,,,,,,,,,,,,,,,,,,,,,,,,,,,,,,,,,,,,,,,,,,,,,,,,,,,5185.000000,7723.000000,18018.000000,27805.000000,35604.000000,27525.000000,0.000000,0.000000
Other income - Deposit interest | bu=general,Other income - Deposit interest,general,,,,medium,3,"drop_down:1, zero_gap:2",44594.98,,,,,,,,,,,,,,,,,,,,,,,,,,,,,,,,,,,,,,,,,,,,,,,,,,,,,,,,,,,,,,,,5185.000000,7723.000000,18018.000000,27805.000000,35604.000000,27525.000000,0.000000,0.000000
Other income - Purchase returns | bu=b2b,Other income - Purchase returns,b2b,,,,medium,3,zero_gap:3,35030.00,,,,,,,,,,,,,,,,,,,,,,,,,,,,,,,,,,,,,,,,,,,,,,,,,,,,,,,,,,,,,,,,0.000000,0.000000,16869.000000,0.000000,53191.000000,0.000000,0.000000,0.000000
Other income - Purchase returns | bu=b2c_moscow,Other income - Purchase returns,b2c_moscow,,,,medium,5,"drop_down:2, spike_up:1, zero_gap:2",1401523.67,,,,,,,,,,,,,,,,,,,,,,,,,,,,,,,,,,,,,,,,,,,,,,,,,,,,,,,,,,,,,,,,0.000000,0.000000,0.000000,2857.000000,64723.000000,0.000000,359.000000,9298.000000
Revenue | bu=b2c_spb,Revenue,b2c_spb,,,,medium,1,drop_down:1,13846679.96,,,,,,,,,,,,,,,,,,,,,,,,,,,,,,,,,,,,,,,,,,,,,,,,,,,,,192170.000000,1354191.000000,1730144.000000,2237143.000000,1634971.000000,1638903.000000,2074988.000000,1776419.000000,2537698.000000,2225622.000000,2408319.000000,6296214.000000,5448582.000000,8111614.000000,7131854.000000,8098508.000000,7083700.000000,6795814.000000,5196280.000000
Services and setup costs | bu=b2b,Services and setup costs,b2b,,,,medium,1,spike_up:1,1407604.61,,,,,,,,,,,,,,,,,,,,,,,,,,,,,,,,,,,,,,,,,,,,,,,,,,,,,,,,,,,,,,,,0.000000,9121.000000,6049.000000,4829.000000,114826.000000,18678.000000,8200.000000,30139.000000
Show production costs | bu=b2c_moscow,Show production costs,b2c_moscow,,,,medium,5,drop_down:5,1098844.93,,,,,,,,,,,9985.000000,13400.000000,,13319.000000,13883.000000,,,37229.000000,,40554.000000,13770.000000,21920.000000,,57386.000000,41300.000000,,,,,,50810.000000,17220.000000,,103051.000000,,,,,88227.000000,22360.000000,46460.000000,,13066.000000,,103054.000000,135620.000000,130631.000000,11230.000000,,89380.000000,140335.000000,38303.000000,28425.000000,,,,,,56550.000000,40429.000000,54638.000000,,72754.000000,50651.000000,11867.000000,5891.000000,49424.000000,57762.000000,31702.000000,24323.000000,39287.000000
Show production costs | bu=b2c_spb,Show production costs,b2c_spb,,,,medium,4,"drop_down:3, spike_up:1",1857128.74,,,,,,,,,,,,,,,,,,,,,,,,,,,,,,,,,,,,,,,,,,,,,,,,,,,,,,,9000.000000,62500.000000,36700.000000,31909.000000,49374.000000,22690.000000,59859.000000,,277324.000000,20827.000000,12870.000000,54668.000000,33826.000000,42913.000000,66448.000000,10394.000000,22245.000000
Show production costs | bu=franchise,Show production costs,franchise,,,,medium,3,"spike_up:1, zero_gap:2",299583.52,,,,,,,,,,,,,,,,,,,,,,,,,,,,,,,,,,,,,,,7780.000000,,,,,,,8205.000000,53851.000000,11570.000000,,,,,,,,,8200.000000,,14426.000000,14350.000000,,,,13000.000000,12000.000000,11500.000000,0.000000,0.000000,0.000000,0.000000,0.000000
Team expenses | bu=b2c_spb,Team expenses,b2c_spb,,,,medium,2,spike_up:2,2660924.00,,,,,,,,,,,,,,,,,,,,,,,,,,,,,,,,,,,,,,,,,,,,,,,,,,,,,3000.000000,6000.000000,9000.000000,12000.000000,12000.000000,9000.000000,9000.000000,11000.000000,168200.000000,55000.000000,,,,,,,,,
Variable costs | bu=b2c_spb,Variable costs,b2c_spb,,,,medium,1,drop_down:1,3340299.93,,,,,,,,,,,,,,,,,,,,,,,,,,,,,,,,,,,,,,,,,,,,,,,,,,,,,131236.000000,526016.000000,730955.000000,1030634.000000,893932.000000,836122.000000,946751.000000,881559.000000,1110777.000000,999806.000000,1463694.000000,1649519.000000,1224486.000000,1854254.000000,1786648.000000,2173599.000000,1620422.000000,1275468.000000,1481248.000000
Variable logistics costs | bu=b2c_moscow,Variable logistics costs,b2c_moscow,,,,medium,5,"drop_down:2, spike_up:3",328554.86,,,,,,,,,,,,,,,,,,,,,,,,,2870.000000,17863.000000,12045.000000,7019.000000,3765.000000,3274.000000,4222.000000,10885.000000,12806.000000,4997.000000,11091.000000,17881.000000,1489.000000,6086.000000,13157.000000,14925.000000,10063.000000,11843.000000,8230.000000,11396.000000,12308.000000,15828.000000,13850.000000,21356.000000,20666.000000,14277.000000,10786.000000,9082.000000,3789.000000,9255.000000,10542.000000,10728.000000,12645.000000,7102.000000,17945.000000,25098.000000,14644.000000,81768.000000,12422.000000,3181.000000,18206.000000,9898.000000,5154.000000,29606.000000,11213.000000,7518.000000,4907.000000
Venue and office costs | bu=b2c_spb,Venue and office costs,b2c_spb,,,,medium,1,spike_up:1,1787726.00,,,,,,,,,,,,,,,,,,,,,,,,,,,,,,,,,,,,,,,,,,,,,,,,,,,,,163147.000000,161780.000000,162240.000000,164540.000000,163780.000000,166820.000000,167115.000000,168651.000000,176704.000000,176585.000000,175486.000000,705220.000000,222290.000000,254753.000000,257396.000000,303450.000000,276417.000000,260201.000000,316275.000000
Actor upsell sales | bu=b2c_moscow,Actor upsell sales,b2c_moscow,,,,low,1,zero_gap:1,11379.50,,,,,,,,,,,,,,,,,,,,,,,,,,,,,,,,,,,,,7000.000000,7000.000000,4000.000000,3300.000000,3000.000000,6500.000000,5250.000000,5250.000000,2250.000000,5250.000000,9000.000000,9500.000000,3500.000000,8500.000000,7750.000000,5000.000000,7600.000000,,14519.000000,8240.000000,7940.000000,0.000000,18750.000000,,,,,,,,,,,,
Cost article - IT ФОТ | bu=b2c_moscow,Cost article - IT ФОТ,b2c_moscow,,,,low,2,zero_gap:2,20819.00,,,,,,,,,,,,,,,,,,,,,,,,,,,,,,,,,,,,,,,,,,,,,,,,,,,,,,,,,,,,,,,,0.000000,0.000000,0.000000,0.000000,0.000000,20819.000000,16484.000000,54836.000000
Cost article - Административный персонал ФОТ | bu=b2c_moscow,Cost article - Административный персонал ФОТ,b2c_moscow,,,,low,1,zero_gap:1,177640.00,,,,,,,,,,,,,,,,,,,,,,,,,,,,,,,,,,,,,,,,,,,,,,,,,,,,,,,,,,,,,,,,0.000000,194603.000000,152600.000000,177640.000000,163450.000000,205850.000000,190300.000000,181000.000000
Cost article - Административный персонал ФОТ | bu=b2c_spb,Cost article - Административный персонал ФОТ,b2c_spb,,,,low,1,zero_gap:1,68500.00,,,,,,,,,,,,,,,,,,,,,,,,,,,,,,,,,,,,,,,,,,,,,,,,,,,,,,,,,,,,,,,,0.000000,68500.000000,90750.000000,60692.000000,61540.000000,56575.000000,60028.000000,62625.000000
Cost article - Аренда и коммуналка | bu=b2b,Cost article - Аренда и коммуналка,b2b,,,,low,1,spike_up:1,83520.00,,,,,,,,,,,,,,,,,,,,,,,,,,,,,,,,,,,,,,,,,,,,,,,,,,,,,,,,,,,,,,,,27840.000000,13920.000000,41760.000000,13920.000000,13920.000000,13920.000000,13920.000000,13920.000000
Cost article - Доставка | bu=b2c_moscow,Cost article - Доставка,b2c_moscow,,,,low,1,spike_up:1,74046.61,,,,,,,,,,,,,,,,,,,,,,,,,,,,,,,,,,,,,,,,,,,,,,,,,,,,,,,,,,,,,,,,3181.000000,14633.000000,7990.000000,3377.000000,27917.000000,9557.000000,7297.000000,4466.000000
Cost article - Другое | bu=b2c_moscow,Cost article - Другое,b2c_moscow,,,,low,1,drop_down:1,181619.40,,,,,,,,,,,,,,,,,,,,,,,,,,,,,,,,,,,,,,,,,,,,,,,,,,,,,,,,,,,,,,,,10819.000000,56927.000000,50066.000000,30032.000000,62208.000000,63319.000000,38109.000000,168679.000000
Cost article - Другое ФОТ | bu=b2c_moscow,Cost article - Другое ФОТ,b2c_moscow,,,,low,2,zero_gap:2,44800.00,,,,,,,,,,,,,,,,,,,,,,,,,,,,,,,,,,,,,,,,,,,,,,,,,,,,,,,,,,,,,,,,0.000000,0.000000,0.000000,0.000000,0.000000,38500.000000,51100.000000,30750.000000
Cost article - Другое ФОТ | bu=b2c_spb,Cost article - Другое ФОТ,b2c_spb,,,,low,2,zero_gap:2,19200.00,,,,,,,,,,,,,,,,,,,,,,,,,,,,,,,,,,,,,,,,,,,,,,,,,,,,,,,,,,,,,,,,0.000000,0.000000,0.000000,0.000000,0.000000,16500.000000,21900.000000,17325.000000
Cost article - КОМИССИИ БАНКОВ | bu=b2b,Cost article - КОМИССИИ БАНКОВ,b2b,,,,low,2,zero_gap:2,17370.00,,,,,,,,,,,,,,,,,,,,,,,,,,,,,,,,,,,,,,,,,,,,,,,,,,,,,,,,,,,,,,,,0.000000,0.000000,0.000000,0.000000,0.000000,15492.000000,0.000000,19248.000000
Cost article - КОМИССИИ БАНКОВ | bu=b2c_moscow,Cost article - КОМИССИИ БАНКОВ,b2c_moscow,,,,low,2,spike_up:2,57142.86,18783.000000,16121.000000,10187.000000,2717.000000,2961.000000,2001.000000,4847.000000,5299.000000,7149.000000,700.000000,,,,700.000000,15050.000000,3600.000000,16000.000000,3500.000000,3500.000000,3500.000000,3500.000000,3500.000000,3500.000000,3500.000000,3500.000000,3500.000000,3500.000000,3500.000000,3500.000000,3500.000000,3500.000000,3500.000000,3500.000000,3500.000000,3500.000000,3500.000000,3500.000000,3500.000000,3500.000000,3500.000000,3500.000000,3500.000000,3500.000000,3500.000000,3500.000000,3500.000000,3500.000000,3500.000000,3500.000000,4140.000000,4140.000000,4140.000000,4540.000000,4540.000000,4540.000000,4940.000000,4540.000000,4540.000000,4940.000000,4940.000000,4980.000000,4980.000000,4980.000000,0.000000,0.000000,0.000000,0.000000,0.000000,0.000000,2311.000000,1500.000000
Cost article - Комиссия | bu=b2c_moscow,Cost article - Комиссия,b2c_moscow,,,,low,1,spike_up:1,69608.74,52592.000000,45139.000000,28524.000000,7608.000000,8291.000000,5603.000000,13571.000000,14836.000000,20017.000000,23219.000000,18297.000000,25891.000000,24250.000000,41723.000000,60635.000000,40616.000000,37978.000000,30709.000000,26635.000000,54877.000000,44867.000000,55243.000000,56671.000000,76097.000000,77040.000000,105673.000000,70416.000000,71396.000000,71573.000000,74188.000000,73502.000000,83020.000000,90121.000000,93983.000000,100545.000000,137704.000000,105043.000000,113569.000000,135034.600000,106663.000000,94338.000000,96587.000000,115562.000000,114540.000000,131425.000000,142752.000000,163674.000000,177440.000000,206452.000000,210423.000000,194213.000000,152282.000000,152333.000000,172048.000000,185647.000000,198351.000000,170251.000000,194008.000000,203190.000000,239406.000000,211766.000000,163667.000000,181076.000000,,,,,,,,
Cost article - Комиссия | bu=b2c_spb,Cost article - Комиссия,b2c_spb,,,,low,1,drop_down:1,459115.06,,,,,,,,,,,,,,,,,,,,,,,,,,,,,,,,,,,,,,,,,,,,,,,,,,,,,7776.000000,48219.200000,63764.500000,81856.000000,58834.000000,78622.300000,77288.700000,68061.700000,66765.000000,81617.300000,77162.000000,,,,,,,,
Cost article - Мебель и предметы интерьера | bu=b2c_moscow,Cost article - Мебель и предметы интерьера,b2c_moscow,,,,low,2,zero_gap:2,45696.50,,,,,,,,,,,,,,,,,,,,,,,,,,,,,,,,,,,,,,,,,,,,,,,,,,,,,,,,,,,,,,,,0.000000,0.000000,0.000000,0.000000,0.000000,0.000000,24923.000000,66470.000000
Cost article - Налог на прибыль (доходы) | bu=b2c_moscow,Cost article - Налог на прибыль (доходы),b2c_moscow,,,,low,2,zero_gap:2,617130.00,,,,,,,,,,,,,,,,,,,,,,,,,,,,,,,,,,,,,,,,,,,,,,,,,,,,,,,,,,,,,,,,0.000000,0.000000,0.000000,0.000000,0.000000,607550.000000,626710.000000,503262.000000
Cost article - Налог на прибыль (доходы) | bu=b2c_spb,Cost article - Налог на прибыль (доходы),b2c_spb,,,,low,2,zero_gap:2,264484.00,,,,,,,,,,,,,,,,,,,,,,,,,,,,,,,,,,,,,,,,,,,,,,,,,,,,,,,,,,,,,,,,0.000000,0.000000,0.000000,0.000000,0.000000,260378.000000,268590.000000,215684.000000
Cost article - Налог на прибыль (доходы) | bu=general,Cost article - Налог на прибыль (доходы),general,,,,low,2,zero_gap:2,568323.50,,,,,,,,,,,,,,,,,,,,,,,,,,,,,,,,,,,,,,,,,,,,,,,,,,,,,,,,,,,,,,,,453142.000000,542157.000000,563810.000000,569828.000000,566819.000000,0.000000,0.000000,0.000000
Cost article - Отсмотр видео | bu=b2c_moscow,Cost article - Отсмотр видео,b2c_moscow,,,,low,2,zero_gap:2,14115.00,,,,,,,,,,,,,,,,,,,,,,,,,,,,,,,,,,,,,,,,,,,,,,,,,,,,,,,,,,,,,,,,0.000000,0.000000,9200.000000,0.000000,0.000000,17170.000000,11060.000000,30660.000000
Cost article - Разные налоги и взносы | bu=general,Cost article - Разные налоги и взносы,general,,,,low,2,zero_gap:2,12960.00,,,,,,,,,,,,,,,,,,,,,,,,,,,,,,,,,,,,,,,,,,,,,,,,,,,,,,,,,,,,,,,,12960.000000,27932.000000,12960.000000,12900.000000,12960.000000,0.000000,0.000000,0.000000
Cost article - Страховые взносы | bu=b2c_moscow,Cost article - Страховые взносы,b2c_moscow,,,,low,1,drop_down:1,255674.87,,,,,,,,,,,,,,,,,,,,,,,,49099.000000,,,,101911.000000,,,,,,,,141918.000000,,,145963.000000,,,,,,,,,92419.000000,12375.000000,,,,,12375.000000,33133.060000,12375.000000,,24535.000000,12375.000000,45508.000000,26830.000000,37988.000000,,,,,,,,,
Cost article - Уборка | bu=b2c_moscow,Cost article - Уборка,b2c_moscow,,,,low,1,spike_up:1,46439.02,13000.000000,20000.000000,20000.000000,0.000000,1000.000000,2000.000000,6000.000000,7000.000000,6000.000000,6000.000000,4000.000000,4000.000000,3000.000000,3000.000000,10000.000000,16000.000000,2000.000000,5200.000000,7000.000000,7000.000000,3000.000000,4000.000000,8000.000000,8000.000000,5000.000000,3000.000000,11000.000000,6000.000000,5000.000000,10000.000000,5000.000000,13000.000000,5000.000000,10000.000000,5000.000000,15000.000000,7000.000000,4000.000000,10000.000000,9100.000000,11900.000000,11700.000000,5200.000000,11700.000000,11700.000000,11700.000000,10400.000000,6400.000000,10400.000000,10400.000000,13700.000000,13700.000000,13700.000000,13700.000000,13700.000000,13700.000000,13700.000000,13700.000000,11700.000000,13000.000000,14300.000000,30800.000000,23800.000000,20800.000000,22100.000000,19500.000000,22100.000000,37100.000000,35000.000000,35000.000000,48870.000000
Cost article - Управленческий персонал ФОТ | bu=b2c_moscow,Cost article - Управленческий персонал ФОТ,b2c_moscow,,,,low,2,"spike_up:1, zero_gap:1",702339.89,,,,,,,,,,,,,,,,,,,,,,,,,,,,,,,,,,,,,,,,,,,,,,,,,,,,,,,,,,,,,,,,0.000000,100000.000000,108050.000000,85000.000000,90000.000000,334750.000000,412409.000000,436266.000000
Cost article - Управленческий персонал ФОТ | bu=b2c_spb,Cost article - Управленческий персонал ФОТ,b2c_spb,,,,low,2,zero_gap:2,112500.00,,,,,,,,,,,,,,,,,,,,,,,,,,,,,,,,,,,,,,,,,,,,,,,,,,,,,,,,,,,,,,,,0.000000,135000.000000,0.000000,90000.000000,90000.000000,249417.000000,260000.000000,321182.000000
Costs - Salary fixed | bu=b2b,Costs - Salary fixed,b2b,,,,low,2,"drop_down:1, zero_gap:1",688833.91,,,,,,,,,,,,,,,,,,,,,,,,,,,,,,,,,,,,,,,,,,,,,,,,,,,,,,,,,,,,,,,,0.000000,241276.000000,82000.000000,294350.000000,270000.000000,382500.000000,475000.000000,426843.000000
Costs - Salary fixed | bu=franchise,Costs - Salary fixed,franchise,,,,low,1,drop_down:1,46666.67,,,,,,,,,,,,,,,,,,,,,,,,,,,,,,,,,,,,,,,,12000.000000,,,,6000.000000,,,,,15000.000000,,20000.000000,,,,,,24000.000000,,12000.000000,6000.000000,,,,,,,,,,,
Dividends | bu=b2c_spb,Dividends,b2c_spb,,,,low,2,zero_gap:2,900000.00,,,,,,,,,,,,,,,,,,,,,,,,,,,,,,,,,,,,,,,,,,,,,,,,,,,,,,,,,,,,,,,,0.000000,0.000000,0.000000,0.000000,0.000000,0.000000,900000.000000,900000.000000
Marketing costs | bu=b2c_moscow | channel=smm,Marketing costs,b2c_moscow,,smm,,low,1,drop_down:1,90000.00,115000.000000,122500.000000,135000.000000,109165.000000,116078.000000,76712.000000,83956.000000,96324.000000,122393.000000,128060.000000,112496.000000,182254.000000,144614.000000,315008.000000,243072.000000,181474.000000,116752.000000,64065.000000,110266.000000,128157.000000,142171.000000,160227.000000,254655.000000,266727.000000,172700.000000,177475.000000,101359.000000,81748.000000,79520.000000,75686.000000,62269.000000,63057.000000,25000.000000,25000.000000,25000.000000,25000.000000,25000.000000,26600.000000,32000.000000,32000.000000,30000.000000,70000.000000,30000.000000,,7500.000000,30000.000000,30000.000000,30000.000000,30000.000000,30000.000000,30000.000000,75000.000000,,65000.000000,65000.000000,65000.000000,65000.000000,65000.000000,65000.000000,65000.000000,65000.000000,65000.000000,65000.000000,,,,,,,,
Number of show visitors | bu=b2c_spb,Number of show visitors,b2c_spb,,,,low,1,drop_down:1,4074.09,,,,,,,,,,,,,,,,,,,,,,,,,,,,,,,,,,,,,,,,,,,,,,,,,,,,,104.000000,590.000000,705.000000,940.000000,687.000000,705.000000,804.000000,681.000000,917.000000,837.000000,901.000000,,,,,,,,
Number of shows | bu=b2c_spb,Number of shows,b2c_spb,,,,low,1,drop_down:1,556.62,,,,,,,,,,,,,,,,,,,,,,,,,,,,,,,,,,,,,,,,,,,,,,,,,,,,,26.000000,121.000000,134.000000,166.000000,146.000000,146.000000,160.000000,143.000000,173.000000,151.000000,146.000000,,,,,,,,
Other income | bu=b2c_spb,Other income,b2c_spb,,,,low,2,drop_down:2,543770.21,,,,,,,,,,,,,,,,,,,,,,,,,,,,,,,,,,,,,,,,,,,,,,,,,,,,,,,,,,,,,,,,1141.000000,0.000000,0.000000,200.000000,2235.000000,20927.000000,18823.000000,19560.000000
Other income - Deposit interest | bu=b2c_moscow,Other income - Deposit interest,b2c_moscow,,,,low,2,zero_gap:2,35666.50,,,,,,,,,,,,,,,,,,,,,,,,,,,,,,,,,,,,,,,,,,,,,,,,,,,,,,,,,,,,,,,,0.000000,0.000000,0.000000,0.000000,0.000000,0.000000,44990.000000,26343.000000
Other income - Deposit interest | bu=b2c_spb,Other income - Deposit interest,b2c_spb,,,,low,2,zero_gap:2,14691.50,,,,,,,,,,,,,,,,,,,,,,,,,,,,,,,,,,,,,,,,,,,,,,,,,,,,,,,,,,,,,,,,0.000000,0.000000,0.000000,0.000000,0.000000,0.000000,18823.000000,10560.000000
Other income - Purchase returns | bu=b2c_spb,Other income - Purchase returns,b2c_spb,,,,low,1,spike_up:1,175019.01,,,,,,,,,,,,,,,,,,,,,,,,,,,,,,,,,,,,,,,,,,,,,,,,,,,,,,,,,,,,,,,,1141.000000,0.000000,0.000000,200.000000,2235.000000,20927.000000,0.000000,9000.000000
Returns amount | bu=b2c_spb,Returns amount,b2c_spb,,,,low,2,"spike_up:1, zero_gap:1",63450.79,,,,,,,,,,,,,,,,,,,,,,,,,,,,,,,,,,,,,,,,,,,,,,,,,,,,,,,,,,7200.000000,19200.000000,17000.000000,15200.000000,10831.000000,18000.000000,0.000000,0.000000,0.000000,3300.000000,3000.000000,15800.000000,0.000000,0.000000
Revenue | bu=b2c_spb | show=Certificate,Revenue,b2c_spb,Certificate,,,low,1,drop_down:1,296096.24,,,,,,,,,,,,,,,,,,,,,,,,,,,,,,,,,,,,,,,,,,,,,,,,,,,,,47100.000000,36895.000000,143969.000000,159512.000000,72220.000000,208810.000000,209218.200000,264074.000000,164755.800000,166891.000000,228450.700000,,,,,,,,
Services and setup costs | bu=b2c_spb,Services and setup costs,b2c_spb,,,,low,2,zero_gap:2,26557.00,,,,,,,,,,,,,,,,,,,,,,,,,,,,,,,,,,,,,,,,,,,,,,,,,,,,,4757.000000,6387.000000,12823.000000,12188.000000,10188.000000,12188.000000,12188.000000,12188.000000,12188.000000,9823.000000,9130.000000,0.000000,4100.000000,0.000000,0.000000,23980.000000,45729.000000,29134.000000,25887.000000
Services and setup costs | bu=general,Services and setup costs,general,,,,low,2,zero_gap:2,45580.00,,,,,,,,,,,,,,,,,,,,,,,,,,,,,,,,,,,,,,,,,,,,,,,,,,,,,,,,,,,,,,,,42276.000000,95671.000000,95315.000000,84775.000000,35692.000000,45580.000000,0.000000,0.000000
Variable costs | bu=franchise,Variable costs,franchise,,,,low,2,zero_gap:2,14135.00,,,,,,,,,,,,,,,,,,,,,,,,,,,,,,,,,,,,,,,,,,,,,,,,,,,,,,,,,,,,,,,,25000.000000,14135.000000,11500.000000,0.000000,0.000000,16000.000000,8000.000000,20000.000000
Venue and office costs | bu=b2b,Venue and office costs,b2b,,,,low,1,spike_up:1,83520.00,,,,,,,,,,,,,,,,,,,,,,,,,,,,,,,,,,,,,,,,,,,,,,,,,,,,,,,,,,,,,,,,27840.000000,13920.000000,41760.000000,13920.000000,20266.000000,13920.000000,13920.000000,13920.000000
Annual bonuses | bu=b2b,Annual bonuses,b2b,,,,ok,0,,,,,,,,,,,,,,,,,,,,,,,,,,,,,,,,,,,,,,,,,,,,,,,,,,,,,,,,,,,,,,,,,,0.000000,0.000000,0.000000,0.000000,15000.000000,0.000000,0.000000,0.000000
Annual bonuses | bu=b2c_moscow,Annual bonuses,b2c_moscow,,,,ok,0,,,,,,,,,,,,,,,,,,,,,,,,,,,,,,,,,,,,,,,,,,,,,,,,,,,,,,,,,,,,,,,,,,0.000000,0.000000,0.000000,0.000000,518000.000000,0.000000,0.000000,0.000000
Annual bonuses | bu=b2c_spb,Annual bonuses,b2c_spb,,,,ok,0,,,,,,,,,,,,,,,,,,,,,,,,,,,,,,,,,,,,,,,,,,,,,,,,,,,,,,,,,,,,,,,,,,0.000000,0.000000,0.000000,0.000000,190000.000000,0.000000,0.000000,0.000000
Business travel costs | bu=general,Business travel costs,general,,,,ok,0,,,,,,,,,,,,,,,,,,,,,,,,,,,,,,,,,,,,,,,,,,,,,,,,,,,,,,,,,,,,,,,,,,0.000000,0.000000,51352.000000,0.000000,0.000000,0.000000,0.000000,0.000000
Cost article - IT ФОТ | bu=b2b,Cost article - IT ФОТ,b2b,,,,ok,0,,,,,,,,,,,,,,,,,,,,,,,,,,,,,,,,,,,,,,,,,,,,,,,,,,,,,,,,,,,,,,,,,,0.000000,0.000000,0.000000,0.000000,0.000000,70000.000000,0.000000,0.000000
Cost article - IT ФОТ | bu=b2c_spb,Cost article - IT ФОТ,b2c_spb,,,,ok,0,,,,,,,,,,,,,,,,,,,,,,,,,,,,,,,,,,,,,,,,,,,,,,,,,,,,,,,,,,,,,,,,,,0.000000,0.000000,0.000000,0.000000,0.000000,8937.000000,7064.000000,23501.000000
Cost article - Административный персонал ФОТ | bu=b2b,Cost article - Административный персонал ФОТ,b2b,,,,ok,0,,,,,,,,,,,,,,,,,,,,,,,,,,,,,,,,,,,,,,,,,,,,,,,,,,,,,,,,,,,,,,,,,,0.000000,60000.000000,0.000000,0.000000,0.000000,0.000000,0.000000,0.000000
Cost article - Амортизация | bu=b2b,Cost article - Амортизация,b2b,,,,ok,0,,,,,,,,,,,,,,,,,,,,,,,,,,,,,,,,,,,,,,,,,,,,,,,,,,,,,,,,,,,,,,,,,,0.000000,0.000000,0.000000,0.000000,0.000000,0.000000,0.000000,0.000000
Cost article - Амортизация | bu=b2c_moscow,Cost article - Амортизация,b2c_moscow,,,,ok,0,,,,,,,,,,,,,,,,,,,,,,,,,,,,,,,,,,,,,,,,,,,,,,,,,,,,,,,,,,,,,,,,,,0.000000,0.000000,0.000000,0.000000,0.000000,0.000000,0.000000,0.000000
Cost article - Амортизация | bu=b2c_spb,Cost article - Амортизация,b2c_spb,,,,ok,0,,,,,,,,,,,,,,,,,,,,,,,,,,,,,,,,,,,,,,,,,,,,,,,,,,,,,,,,,,,,,,,,,,0.000000,0.000000,0.000000,0.000000,0.000000,0.000000,0.000000,0.000000
Cost article - Амортизация | bu=franchise,Cost article - Амортизация,franchise,,,,ok,0,,,,,,,,,,,,,,,,,,,,,,,,,,,,,,,,,,,,,,,,,,,,,,,,,,,,,,,,,,,,,,,,,,0.000000,0.000000,0.000000,0.000000,0.000000,0.000000,0.000000,0.000000
Cost article - Амортизация | bu=general,Cost article - Амортизация,general,,,,ok,0,,,,,,,,,,,,,,,,,,,,,,,,,,,,,,,,,,,,,,,,,,,,,,,,,,,,,,,,,,,,,,,,,,0.000000,0.000000,0.000000,0.000000,0.000000,0.000000,0.000000,0.000000
Cost article - Аренда и коммуналка | bu=b2c_moscow,Cost article - Аренда и коммуналка,b2c_moscow,,,,ok,0,,,,,,,,,,,,,,,,,,,,,,,,,,,,,,,,,,,,,,,,,,,,,,,,,,,,,,,,,,,,,,,,,,269000.000000,301344.000000,1005537.000000,654413.000000,504002.000000,610000.000000,651170.000000,689436.000000
Cost article - Аренда и коммуналка | bu=b2c_spb,Cost article - Аренда и коммуналка,b2c_spb,,,,ok,0,,,,,,,,,,,,,,,,,,,,,,,,,,,,,,,,,,,,,,,,,,,,,,,,,,,,,,,,,,,,,,,,,,315531.000000,153000.000000,162475.000000,187772.000000,174177.000000,180901.000000,185949.000000,153000.000000
Cost article - Доставка | bu=b2c_spb,Cost article - Доставка,b2c_spb,,,,ok,0,,,,,,,,,,,,,,,,,,,,,,,,,,,,,,,,,,,,,,,,,,,,,,,,,,,,,,,,,,,,,,,,,,1170.000000,1500.000000,2696.000000,0.000000,2482.000000,2457.000000,3613.000000,1085.000000
Cost article - Доставка | bu=franchise,Cost article - Доставка,franchise,,,,ok,0,,,,,,,,,,,,,,,,,,,,,,,,,,,,,,,,,,,,,,,,,,,,,,,,,,,,,,,,,,,,,,,,,,0.000000,2135.000000,0.000000,0.000000,0.000000,0.000000,0.000000,0.000000
Cost article - Другое ФОТ | bu=b2b,Cost article - Другое ФОТ,b2b,,,,ok,0,,,,,,,,,,,,,,,,,,,,,,,,,,,,,,,,,,,,,,,,,,,,,,,,,,,,,,,,,,,,,,,,,,0.000000,0.000000,0.000000,0.000000,0.000000,0.000000,0.000000,7425.000000
Cost article - Другое ФОТ | bu=franchise,Cost article - Другое ФОТ,franchise,,,,ok,0,,,,,,,,,,,,,,,,,,,,,,,,,,,,,,,,,,,,,,,,,,,,,,,,,,,,,,,,,,,,,,,,,,0.000000,0.000000,0.000000,0.000000,0.000000,0.000000,8000.000000,0.000000
Cost article - Другое ФОТ | bu=general,Cost article - Другое ФОТ,general,,,,ok,0,,,,,,,,,,,,,,,,,,,,,,,,,,,,,,,,,,,,,,,,,,,,,,,,,,,,,,,,,,,,,,,,,,0.000000,0.000000,0.000000,213.000000,0.000000,17500.000000,0.000000,0.000000
Cost article - Ежемесячные счета | bu=b2c_moscow,Cost article - Ежемесячные счета,b2c_moscow,,,,ok,0,,,,,,,,,,,,,,,,,,,,,,,,,,,,,,,,,,,,,,,,,,,,,,,,,,,,,,,,,,,,,,,,,,12775.000000,12723.000000,21780.000000,13795.000000,25287.000000,25510.000000,25460.000000,25808.000000
Cost article - Ежемесячные счета | bu=b2c_spb,Cost article - Ежемесячные счета,b2c_spb,,,,ok,0,,,,,,,,,,,,,,,,,,,,,,,,,,,,,,,,,,,,,,,,,,,,,,,,,,,,,,,,,,,,,,,,,,9485.000000,13360.000000,21518.000000,14183.000000,16258.000000,16479.000000,27143.000000,5833.000000
Cost article - КОМИССИИ БАНКОВ | bu=b2c_spb,Cost article - КОМИССИИ БАНКОВ,b2c_spb,,,,ok,0,,,,,,,,,,,,,,,,,,,,,,,,,,,,,,,,,,,,,,,,,,,,,,,,,,,,,,,,,,,,,,,,,,0.000000,0.000000,0.000000,0.000000,0.000000,0.000000,894.000000,1480.000000
Cost article - КОМИССИИ БАНКОВ | bu=general,Cost article - КОМИССИИ БАНКОВ,general,,,,ok,0,,,,,,,,,,,,,,,,,,,,,,,,,,,,,,,,,,,,,,,,,,,,,,,,,,,,,,,,,,,,,,,,,,0.000000,0.000000,0.000000,0.000000,0.000000,7980.000000,0.000000,0.000000
Cost article - Мебель и предметы интерьера | bu=b2c_spb,Cost article - Мебель и предметы интерьера,b2c_spb,,,,ok,0,,,,,,,,,,,,,,,,,,,,,,,,,,,,,,,,,,,,,,,,,,,,,,,,,,,,,,,,,,,,,,,,,,0.000000,0.000000,0.000000,0.000000,0.000000,0.000000,0.000000,15360.000000
Cost article - Налог на прибыль (доходы) | bu=franchise,Cost article - Налог на прибыль (доходы),franchise,,,,ok,0,,,,,,,,,,,,,,,,,,,,,,,,,,,,,,,,,,,,,,,,,,,,,,,,,,,,,,,,,,,,,,,,,,0.000000,0.000000,0.000000,0.000000,0.000000,0.000000,0.000000,0.000000
Cost article - Отсмотр видео | bu=b2c_spb,Cost article - Отсмотр видео,b2c_spb,,,,ok,0,,,,,,,,,,,,,,,,,,,,,,,,,,,,,,,,,,,,,,,,,,,,,,,,,,,,,,,,,,,,,,,,,,0.000000,0.000000,0.000000,0.000000,0.000000,6930.000000,4740.000000,13140.000000
Cost article - Премии административный персонал | bu=b2c_moscow,Cost article - Премии административный персонал,b2c_moscow,,,,ok,0,,,,,,,,,,,,,,,,,,,,,,,,,,,,,,,,,,,,,,,,,,,,,,,,,,,,,,,,,,,,,,,,,,0.000000,0.000000,0.000000,0.000000,20000.000000,0.000000,0.000000,0.000000
Cost article - Премии административный персонал | bu=b2c_spb,Cost article - Премии административный персонал,b2c_spb,,,,ok,0,,,,,,,,,,,,,,,,,,,,,,,,,,,,,,,,,,,,,,,,,,,,,,,,,,,,,,,,,,,,,,,,,,0.000000,0.000000,0.000000,0.000000,5000.000000,0.000000,0.000000,0.000000
Cost article - Премии актёры | bu=b2c_moscow,Cost article - Премии актёры,b2c_moscow,,,,ok,0,,,,,,,,,,,,,,,,,,,,,,,,,,,,,,,,,,,,,,,,,,,,,,,,,,,,,,,,,,,,,,,,,,0.000000,0.000000,0.000000,0.000000,418000.000000,0.000000,0.000000,0.000000
Cost article - Премии актёры | bu=b2c_spb,Cost article - Премии актёры,b2c_spb,,,,ok,0,,,,,,,,,,,,,,,,,,,,,,,,,,,,,,,,,,,,,,,,,,,,,,,,,,,,,,,,,,,,,,,,,,0.000000,0.000000,0.000000,0.000000,175000.000000,0.000000,0.000000,0.000000
Cost article - Премии управленч персонал | bu=b2c_moscow,Cost article - Премии управленч персонал,b2c_moscow,,,,ok,0,,,,,,,,,,,,,,,,,,,,,,,,,,,,,,,,,,,,,,,,,,,,,,,,,,,,,,,,,,,,,,,,,,0.000000,0.000000,0.000000,0.000000,80000.000000,0.000000,0.000000,0.000000
Cost article - Премии управленч персонал | bu=b2c_spb,Cost article - Премии управленч персонал,b2c_spb,,,,ok,0,,,,,,,,,,,,,,,,,,,,,,,,,,,,,,,,,,,,,,,,,,,,,,,,,,,,,,,,,,,,,,,,,,0.000000,0.000000,0.000000,0.000000,10000.000000,0.000000,0.000000,0.000000
Cost article - Проценты по кредитам и займам | bu=b2b,Cost article - Проценты по кредитам и займам,b2b,,,,ok,0,,,,,,,,,,,,,,,,,,,,,,,,,,,,,,,,,,,,,,,,,,,,,,,,,,,,,,,,,,,,,,,,,,0.000000,0.000000,0.000000,0.000000,0.000000,0.000000,0.000000,0.000000
Cost article - Проценты по кредитам и займам | bu=b2c_moscow,Cost article - Проценты по кредитам и займам,b2c_moscow,,,,ok,0,,,,,,,,,,,,,,,,,,,,,,,,,,,,,,,,,,,,,,,,,,,,,,,,,,,,,,,,,,,,,,,,,,0.000000,0.000000,0.000000,0.000000,0.000000,0.000000,0.000000,0.000000
Cost article - Проценты по кредитам и займам | bu=b2c_spb,Cost article - Проценты по кредитам и займам,b2c_spb,,,,ok,0,,,,,,,,,,,,,,,,,,,,,,,,,,,,,,,,,,,,,,,,,,,,,,,,,,,,,,,,,,,,,,,,,,0.000000,0.000000,0.000000,0.000000,0.000000,0.000000,0.000000,0.000000
Cost article - Проценты по кредитам и займам | bu=franchise,Cost article - Проценты по кредитам и займам,franchise,,,,ok,0,,,,,,,,,,,,,,,,,,,,,,,,,,,,,,,,,,,,,,,,,,,,,,,,,,,,,,,,,,,,,,,,,,0.000000,0.000000,0.000000,0.000000,0.000000,0.000000,0.000000,0.000000
Cost article - Проценты по кредитам и займам | bu=general,Cost article - Проценты по кредитам и займам,general,,,,ok,0,,,,,,,,,,,,,,,,,,,,,,,,,,,,,,,,,,,,,,,,,,,,,,,,,,,,,,,,,,,,,,,,,,0.000000,0.000000,0.000000,0.000000,0.000000,0.000000,0.000000,0.000000
Cost article - Расходники (офисные) | bu=b2b,Cost article - Расходники (офисные),b2b,,,,ok,0,,,,,,,,,,,,,,,,,,,,,,,,,,,,,,,,,,,,,,,,,,,,,,,,,,,,,,,,,,,,,,,,,,0.000000,0.000000,0.000000,0.000000,6346.000000,0.000000,0.000000,0.000000
Cost article - Расходники (офисные) | bu=b2c_spb,Cost article - Расходники (офисные),b2c_spb,,,,ok,0,,,,,,,,,,,,,,,,,,,,,,,,,,,,,,,,,,,,,,,,,,,,,,,,,,,,,,,,,40594.000000,86432.000000,52800.000000,48428.000000,41950.000000,42314.000000,25935.000000,57831.000000,19769.000000,51279.000000,21879.000000,48761.000000,37042.000000,60159.000000,53481.000000,28709.000000,55377.000000
Cost article - Реквизит/костюмы | bu=franchise,Cost article - Реквизит/костюмы,franchise,,,,ok,0,,,,,,,,,,,,,,,,,,,,,,,,,,,,,,,,,,,,,,,,,,,,,,,,,,,,,,,,,,,,,,,,,,0.000000,0.000000,11500.000000,0.000000,0.000000,0.000000,0.000000,0.000000
Cost article - Такси | bu=b2c_moscow,Cost article - Такси,b2c_moscow,,,,ok,0,,,,,,,,,,,,,,,,,,,,,,,,,,,,,,,,,,,,,,,,,,,,,,,,,,,,,,,,,,,,,,,,,,0.000000,3573.000000,1908.000000,1777.000000,1689.000000,1656.000000,221.000000,441.000000
Cost article - Такси | bu=b2c_spb,Cost article - Такси,b2c_spb,,,,ok,0,,,,,,,,,,,,,,,,,,,,,,,,,,,,,,,,,,,,,,,,,,,,,,,,,,,,,,,,,,,,,,,,,,0.000000,0.000000,1631.000000,0.000000,2153.000000,0.000000,1016.000000,3124.000000
Cost article - Такси | bu=general,Cost article - Такси,general,,,,ok,0,,,,,,,,,,,,,,,,,,,,,,,,,,,,,,,,,,,,,,,,,,,,,,,,,,,,,,,,,,,,,,,,,,0.000000,0.000000,600.000000,0.000000,0.000000,0.000000,0.000000,0.000000
Cost article - Тех оснащение | bu=b2c_moscow,Cost article - Тех оснащение,b2c_moscow,,,,ok,0,,,,,,,,,,,,,,,,,,,,,,,,,,,,,,,,,,,,,,,,,,,,,,,,,,,,,,,,,,,,,,,,,,0.000000,0.000000,0.000000,0.000000,0.000000,0.000000,0.000000,1201.000000
Cost article - Уборка | bu=b2c_spb,Cost article - Уборка,b2c_spb,,,,ok,0,,,,,,,,,,,,,,,,,,,,,,,,,,,,,,,,,,,,,,,,,,,,,,,,,,,,,,,12000.000000,12000.000000,14400.000000,17600.000000,17600.000000,17600.000000,17600.000000,17600.000000,18100.000000,15600.000000,18200.000000,16900.000000,18400.000000,9200.000000,18400.000000,18400.000000,18400.000000,18400.000000,28769.000000
Costs - Salary variable | bu=b2b | show=Online,Costs - Salary variable,b2b,Online,,,ok,0,,,,,,,,,,,,,,,,,,,,,,,,,,,,,,,,,,,,,,,,4800.000000,,,,,,,,,,,,,,,,,,,,,,,,,,,,,,,,,
Costs - Salary variable | bu=b2b | show=SD,Costs - Salary variable,b2b,SD,,,ok,0,,,,,,,,,,,,,,,,,,,,,,,,,,,,,,,,,,,,,,,,9750.000000,10500.000000,20150.000000,,30650.000000,,10250.000000,,,,19000.000000,,,,,,,,,,,,,,,,,,,,,,,
Costs - Salary variable | bu=b2c_spb | show=SD,Costs - Salary variable,b2c_spb,SD,,,ok,0,,,,,,,,,,,,,,,,,,,,,,,,,,,,,,,,,,,,,,,,,,,,,,,,,,,,,,,,,,,,,,,5000.000000,4000.000000,6500.000000,,,,,,,,
Costs - Salary variable | bu=franchise,Costs - Salary variable,franchise,,,,ok,0,,,,,,,,,,,,,,,,,,,,,,,,,,,,,,,,,,,,,,,,,,,,,,,,,,,,,,,,,,,,,,,,,,0.000000,0.000000,0.000000,0.000000,0.000000,0.000000,8000.000000,0.000000
Dividends | bu=b2b,Dividends,b2b,,,,ok,0,,,,,,,,,,,,,,,,,,,,,,,,,,,,,,,,,,,,,,,,,,,,,,,,,,,,,,,,,,,,,,,,,,0.000000,0.000000,0.000000,0.000000,2000000.000000,0.000000,0.000000,0.000000
Dividends | bu=franchise,Dividends,franchise,,,,ok,0,,,,,,,,,,,,,,,,,,,,,,,,,,,,,,,,,,,,,,,,,,,,,,,,,,,,,,,,,,,,,,,,,,0.000000,0.000000,0.000000,0.000000,0.000000,0.000000,0.000000,0.000000
EBIT | bu=general,EBIT,general,,,,ok,0,,,,,,,,,,,,,,,,,,,,,,,,,,,,,,,,,,,,,,,,,,,,,,,,,,,,,,,,,,,,,,,,,,-324583.000000,-472111.000000,-591749.000000,-476050.000000,-351064.000000,-86904.000000,0.000000,0.000000
EBITDA | bu=general,EBITDA,general,,,,ok,0,,,,,,,,,,,,,,,,,,,,,,,,,,,,,,,,,,,,,,,,,,,,,,,,,,,,,,,,,,,,,,,,,,-324583.000000,-472111.000000,-591749.000000,-476050.000000,-351064.000000,-86904.000000,0.000000,0.000000
EBT | bu=general,EBT,general,,,,ok,0,,,,,,,,,,,,,,,,,,,,,,,,,,,,,,,,,,,,,,,,,,,,,,,,,,,,,,,,,,,,,,,,,,-324583.000000,-472111.000000,-591749.000000,-476050.000000,-351064.000000,-86904.000000,0.000000,0.000000
Fixed costs | bu=b2c_moscow,Fixed costs,b2c_moscow,,,,ok,0,,,,,,,,,,,,,,,,,,,,,,,,,,,,,,,,,,,,,,,,,,,,,,,,,,,,,,,,,,,,,,,,,,376627.000000,690631.000000,1343276.000000,1001608.000000,1117585.000000,1340293.000000,1513116.000000,1650711.000000
Fixed costs | bu=b2c_spb,Fixed costs,b2c_spb,,,,ok,0,,,,,,,,,,,,,,,,,,,,,,,,,,,,,,,,,,,,,,,,,,,,,,,,,,,,,,,318204.000000,341033.000000,425536.000000,678202.000000,525618.000000,478535.000000,604100.000000,552043.000000,759278.000000,587661.000000,607771.000000,705220.000000,449335.000000,348533.000000,408088.000000,478970.000000,628138.000000,609363.000000,725969.000000
Fixed costs | bu=franchise,Fixed costs,franchise,,,,ok,0,,,,,,,,,,,,,,,,,,,,,,,,,,,,,,,,,,,,,,,,,,,,,,,,,,,,,,,,,,,,,,,,,,0.000000,0.000000,2655.000000,0.000000,0.000000,0.000000,0.000000,0.000000
Marketing costs | bu=b2c_moscow,Marketing costs,b2c_moscow,,,,ok,0,,,,,,,,,,,,,,,,,,,,,,,,,,,,,,,,,,,,,,,,,,,,,,,,,,,,,,,,,,,,,,,,,,952537.000000,922000.000000,1301506.000000,1403463.000000,1386012.000000,694794.000000,744824.000000,1090065.000000
Marketing costs | bu=b2c_spb,Marketing costs,b2c_spb,,,,ok,0,,,,,,,,,,,,,,,,,,,,,,,,,,,,,,,,,,,,,,,,,,,,,,,,,,,,,,,,,,,,,,,,,,741705.000000,582789.000000,946778.000000,827985.000000,1109660.000000,476686.000000,488522.000000,529463.000000
Marketing costs | bu=b2c_spb | channel=direct,Marketing costs,b2c_spb,,direct,,ok,0,,,,,,,,,,,,,,,,,,,,,,,,,,,,,,,,,,,,,,,,,,,,,,,,,,,,,,,44713.000000,52560.000000,89109.000000,93586.000000,72396.000000,82023.000000,81229.000000,67867.000000,58410.000000,63478.000000,85075.000000,,,,,,,,
Marketing costs | bu=b2c_spb | channel=other,Marketing costs,b2c_spb,,other,,ok,0,,,,,,,,,,,,,,,,,,,,,,,,,,,,,,,,,,,,,,,,,,,,,,,,,,,,,,,80713.000000,91880.000000,229709.000000,162086.000000,110396.000000,293255.000000,297729.000000,107867.000000,291384.000000,294620.000000,383267.000000,,,,,,,,
Marketing costs | bu=b2c_spb | channel=pr,Marketing costs,b2c_spb,,pr,,ok,0,,,,,,,,,,,,,,,,,,,,,,,,,,,,,,,,,,,,,,,,,,,,,,,,,,,,,,,36000.000000,36000.000000,61000.000000,38500.000000,38000.000000,36000.000000,40500.000000,40000.000000,62000.000000,60000.000000,120750.000000,,,,,,,,
Marketing costs | bu=general | channel=other,Marketing costs,general,,other,,ok,0,,,160000.000000,177500.000000,190000.000000,109165.000000,131078.000000,82712.000000,83956.000000,96924.000000,171924.000000,192822.000000,135303.000000,200894.000000,144614.000000,356008.000000,289554.000000,263161.000000,141816.000000,98065.000000,144266.000000,135257.000000,164371.000000,164727.000000,257455.000000,320923.000000,560532.000000,356845.000000,225326.000000,241555.000000,224607.000000,126149.000000,172670.000000,152587.000000,119546.000000,103947.000000,178799.000000,108497.000000,103261.000000,170706.000000,216230.000000,201401.000000,229715.000000,204412.000000,230038.000000,104494.000000,98239.000000,117568.000000,159259.000000,279720.000000,326276.000000,304572.000000,361408.000000,403517.000000,331580.000000,387137.000000,747797.000000,506805.000000,394280.000000,474562.000000,437823.000000,352925.000000,406461.000000,352983.000000,414597.000000,,,,,,,,
Number of show visitors | bu=b2c_moscow,Number of show visitors,b2c_moscow,,,,ok,0,,,655.000000,563.000000,360.000000,280.000000,297.000000,140.000000,187.000000,208.000000,256.000000,331.000000,268.000000,405.000000,684.000000,852.000000,1184.000000,768.000000,716.000000,556.000000,528.000000,932.000000,922.000000,1078.000000,441.000000,1344.000000,1426.000000,1396.000000,1152.000000,1120.000000,529.000000,1038.000000,1156.000000,1125.000000,576.000000,1106.000000,692.000000,772.000000,805.000000,761.000000,959.000000,715.000000,616.000000,655.000000,764.000000,757.000000,870.000000,957.000000,1162.000000,1066.000000,1313.000000,1348.000000,1158.000000,880.000000,899.000000,1075.000000,1172.000000,1332.000000,1103.000000,1274.000000,1421.000000,1179.000000,1365.000000,1128.000000,1177.000000,,,,,,,,
Number of shows | bu=b2c_moscow,Number of shows,b2c_moscow,,,,ok,0,,,131.000000,123.000000,85.000000,61.000000,69.000000,37.000000,56.000000,56.000000,66.000000,78.000000,61.000000,80.000000,83.000000,92.000000,119.000000,91.000000,91.000000,73.000000,74.000000,118.000000,117.000000,130.000000,114.000000,143.000000,156.000000,148.000000,136.000000,135.000000,133.000000,134.000000,144.000000,128.000000,140.000000,129.000000,139.000000,136.000000,160.000000,149.000000,167.000000,122.000000,112.000000,129.000000,127.000000,124.000000,143.000000,144.000000,171.000000,167.000000,186.000000,202.000000,172.000000,146.000000,152.000000,174.000000,177.000000,191.000000,172.000000,201.000000,213.000000,193.000000,217.000000,168.000000,185.000000,,,,,,,,
Number of shows | bu=b2c_moscow | show=SD,Number of shows,b2c_moscow,SD,,,ok,0,,,,,,,,,,,,,,,,,,,,,,,,,,,,,,,,,,,,3.000000,4.000000,10.000000,6.000000,6.000000,9.000000,13.000000,9.000000,10.000000,13.000000,13.000000,13.000000,12.000000,18.000000,18.000000,20.000000,16.000000,17.000000,14.000000,15.000000,16.000000,16.000000,19.000000,17.000000,16.000000,19.000000,16.000000,17.000000,16.000000,19.000000,,,,,,,,
Number of shows | bu=b2c_spb | show=SD,Number of shows,b2c_spb,SD,,,ok,0,,,,,,,,,,,,,,,,,,,,,,,,,,,,,,,,,,,,,,,,,,,,,,,,,,,,,,,,,,,,,,,,,13.000000,,,,,,,,
Operating profit | bu=general,Operating profit,general,,,,ok,0,,,,,,,,,,,,,,,,,,,,,,,,,,,,,,,,,,,,,,,,,,,,,,,,,,,,,,,,,,,,,,,,,,-329767.000000,-479834.000000,-609767.000000,-503855.000000,-386668.000000,-114429.000000,0.000000,0.000000
Other expenses | bu=franchise,Other expenses,franchise,,,,ok,0,,,,,,,,,,,,,,,,,,,,,,,,,,,,,,,,,,,,,,,,,,,,,,,,,,,,,,,,,,,,,,170750.000000,,,,0.000000,0.000000,0.000000,0.000000,0.000000,0.000000,0.000000,0.000000
Other expenses | bu=general,Other expenses,general,,,,ok,0,,,,,,,,,,,,,,,,,,,,,,,,,,,,,,,,,,,,,,,,,,,,,,,,,,,,,,,,,,,,,,,,,,0.000000,0.000000,0.000000,0.000000,0.000000,0.000000,0.000000,0.000000
Other income | bu=franchise,Other income,franchise,,,,ok,0,,,,,,,,,,,,,,,,,,,,,,,,,,,,,,,,,,,,,,,,,,,,,,,,,,,,,,,,,,,,,,,,,,0.000000,0.000000,0.000000,0.000000,0.000000,0.000000,0.000000,0.000000
Other income - Deposit interest | bu=b2b,Other income - Deposit interest,b2b,,,,ok,0,,,,,,,,,,,,,,,,,,,,,,,,,,,,,,,,,,,,,,,,,,,,,,,,,,,,,,,,,,,,,,,,,,0.000000,0.000000,27330.000000,0.000000,0.000000,0.000000,0.000000,0.000000
Retained earnings | bu=general,Retained earnings,general,,,,ok,0,,,,,,,,,,,,,,,,,,,,,,,,,,,,,,,,,,,,,,,,,,,,,,,,,,,,,,,,,,,,,,,,,,-777725.000000,-2014268.000000,-1755559.000000,-2620878.000000,-3017882.000000,-3086904.000000,0.000000,0.000000
Revenue | bu=b2b | show=Online,Revenue,b2b,Online,,,ok,0,,,,,,,,,,,,,,,,,,,,,,,,,,,,,,,,,,,,,,,,,0.000000,0.000000,0.000000,,,,,,,,,,,,,,,,,,,,,,,,,,,,,,
Revenue | bu=b2c_spb | show=SD,Revenue,b2c_spb,SD,,,ok,0,,,,,,,,,,,,,,,,,,,,,,,,,,,,,,,,,,,,,,,,,,,,,,,,,,,,,,,,,,,,,,,,,548750.000000,,,,,,,,
Revenue | bu=general,Revenue,general,,,,ok,0,,,,,,,,,,,,,,,,,,,,,,,,,,,,,,,,,,,,,,,,,,,,,,,,,,,,,,,,,,,,,,,,,,0.000000,0.000000,0.000000,0.000000,0.000000,0.000000,0.000000,0.000000
Services and setup costs | bu=franchise,Services and setup costs,franchise,,,,ok,0,,,,,,,,,,,,,,,,,,,,,,,,,,,,,,,,,,,,,,,,,,,,,,,,,,,,,,,,,,,,,,,,,,0.000000,0.000000,2655.000000,0.000000,0.000000,0.000000,0.000000,0.000000
Show production costs | bu=b2b | show=SD,Show production costs,b2b,SD,,,ok,0,,,,,,,,,,,,,,,,,,,,,,,,,,,,,,,,,,,,,,,,,,,,,,,,,,9953.000000,,,,,,,,,,,,,,,,,,,,,,,
Variable costs | bu=b2c_moscow,Variable costs,b2c_moscow,,,,ok,0,,,,,,,,,,,,,,,,,,,,,,,,,,,,,,,,,,,,,,,,,,,,,,,,,,,,,,,,,,,,,,,,,,2434254.000000,1772797.000000,3701836.000000,5237725.000000,5432629.000000,3548693.000000,2005338.000000,2456309.000000
Variable logistics costs | bu=b2c_spb,Variable logistics costs,b2c_spb,,,,ok,0,,,,,,,,,,,,,,,,,,,,,,,,,,,,,,,,,,,,,,,,,,,,,,,,,,,,,,,,,,,,,,,,,,1170.000000,1500.000000,4327.000000,0.000000,4635.000000,2457.000000,4629.000000,4209.000000
Variable logistics costs | bu=franchise,Variable logistics costs,franchise,,,,ok,0,,,,,,,,,,,,,,,,,,,,,,,,,,,,,,,,,,,,,,,,,,,,,,,,,,,,,,,,,,,,,,,,,,0.000000,2135.000000,0.000000,0.000000,0.000000,0.000000,0.000000,0.000000
Variable logistics costs | bu=general,Variable logistics costs,general,,,,ok,0,,,,,,,,,,,,,,,,,,,,,,,,,,,,,,,,,,,,,,,,,,,,,,,,,,,,,,,,,,,,,,,,,,0.000000,0.000000,600.000000,0.000000,0.000000,0.000000,0.000000,0.000000
Venue and office costs | bu=b2c_moscow,Venue and office costs,b2c_moscow,,,,ok,0,,,110500.000000,110500.000000,110500.000000,55250.000000,55250.000000,110500.000000,110500.000000,110500.000000,110500.000000,120500.000000,120500.000000,120500.000000,120500.000000,120500.000000,120500.000000,120500.000000,120500.000000,129715.000000,120500.000000,120500.000000,144418.000000,132550.000000,132550.000000,143351.000000,132500.000000,132500.000000,141373.000000,132500.000000,132500.000000,142086.000000,132500.000000,132500.000000,119980.000000,287437.000000,190000.000000,190000.000000,192660.000000,190000.000000,192000.000000,190000.000000,193793.000000,190000.000000,190000.000000,190000.000000,190000.000000,190000.000000,190000.000000,190000.000000,193243.420000,195878.580000,197064.090000,196360.110000,200780.320000,198889.090000,201892.630000,199917.070000,199327.850000,200200.190000,193500.000000,208822.000000,210152.000000,206670.000000,206671.000000,373627.000000,395878.000000,1073426.000000,728568.000000,738256.000000,768330.000000,843136.000000,923426.000000
